label,latitude,longitude,altitude,heading_deg,x,y,z,q1,q2,q3,q4,right_is_open,left_is_open,line_is_stop,signal_is_stop,isnot_skipnum,node
0,35.6497354,139.5025299,0,95.641858,-23867.560736,-3479.260614,-49.418734,0.000000000,0.000000000,-0.049214610,0.998788227,1.5,1.5,0,0,1,0
1,35.6497319,139.5025735,0,100.235355,-23863.613372,-3479.659540,-49.404199,0.000000000,0.000000000,-0.089201602,0.996013591,1.5,1.5,0,0,1,-1
2,35.6497254,139.5026178,0,98.864134,-23859.603507,-3480.391489,-49.389615,0.000000000,0.000000000,-0.077277041,0.997009658,1.5,1.5,0,0,1,-1
3,35.6497199,139.5026612,0,93.994059,-23855.674849,-3481.012267,-49.375277,0.000000000,0.000000000,-0.034847683,0.999392635,1.5,1.5,0,0,1,-1
4,35.6497191,139.5026753,0,32.008403,-23854.398194,-3481.104452,-49.370558,0.000000000,0.000000000,0.484745483,0.874655256,1.5,1.5,0,0,1,1
5,35.6497204,139.5026763,0,23.988703,-23854.307248,-3480.960458,-49.370139,0.000000000,0.000000000,0.544721713,0.838616871,1.5,1.5,0,0,1,-1
6,35.649754,139.5026947,0,41.686843,-23852.630960,-3477.236935,-49.361839,0.000000000,0.000000000,0.409231668,0.912430514,1.5,1.5,0,0,1,-1
7,35.6497811,139.5027244,0,74.826120,-23849.933281,-3474.237344,-49.350122,0.000000000,0.000000000,0.132030449,0.991245661,1.5,1.5,0,0,1,-1
8,35.6497904,139.5027666,0,90.000000,-23846.108898,-3473.215735,-49.335281,0.000000000,0.000000000,0.000000000,1.000000000,1.5,1.5,0,0,1,2
9,35.6497904,139.5027668,0,103.919390,-23846.090786,-3473.215783,-49.335213,0.000000000,0.000000000,-0.121171102,0.992631636,1.5,1.5,0,0,1,-1
10,35.6497817,139.50281,0,117.926620,-23842.181193,-3474.191553,-49.321147,0.000000000,0.000000000,-0.241300506,0.970450445,1.5,1.5,0,0,1,-1
11,35.6497646,139.5028497,0,149.983879,-23838.591053,-3476.098469,-49.308786,0.000000000,0.000000000,-0.499878161,0.866095736,1.5,1.5,0,0,1,-1
12,35.6497345,139.5028711,0,179.617335,-23836.662017,-3479.443321,-49.303414,0.000000000,0.000000000,-0.704741543,0.709464134,1.5,1.5,0,0,1,-1
13,35.649698,139.5028714,0,186.864491,-23836.645692,-3483.493145,-49.305571,0.000000000,0.000000000,-0.748171623,0.663505254,1.5,1.5,0,0,1,-1
14,35.6496953,139.502871,0,90.000000,-23836.682718,-3483.792619,-49.305873,0.000000000,0.000000000,0.000000000,1.000000000,1.5,1.5,0,0,1,3
15,35.6496953,139.5028713,0,264.976513,-23836.655550,-3483.792692,-49.305772,0.000000000,0.000000000,-0.999039260,0.043824154,1.5,1.5,0,0,1,-1
16,35.6496952,139.5028699,0,283.827088,-23836.782364,-3483.803447,-49.306251,0.000000000,0.000000000,-0.992728915,-0.120371511,1.5,1.5,0,0,1,-1
17,35.6496955,139.5028684,0,278.208249,-23836.918114,-3483.769797,-49.306740,0.000000000,0.000000000,-0.997435634,-0.071569246,1.5,1.5,0,0,1,-1
18,35.6496987,139.5028411,0,281.094286,-23839.389446,-3483.408126,-49.315768,0.000000000,0.000000000,-0.995316999,-0.096664733,1.5,1.5,0,0,1,-1
19,35.6497016,139.5028229,0,277.458603,-23841.036772,-3483.081948,-49.321739,0.000000000,0.000000000,-0.997882485,-0.065042641,1.5,1.5,0,0,1,-1
20,35.6497021,139.5028182,0,281.912685,-23841.462255,-3483.025331,-49.323297,0.000000000,0.000000000,-0.994601254,-0.103770640,1.5,1.5,0,0,1,-1
21,35.6497045,139.5028042,0,267.390342,-23842.729379,-3482.755648,-49.327880,0.000000000,0.000000000,-0.999740694,0.022771594,1.5,1.5,0,0,1,-1
22,35.6497042,139.5027961,0,279.080307,-23843.463002,-3482.786967,-49.330637,0.000000000,0.000000000,-0.996862104,-0.079157727,1.5,1.5,0,0,1,-1
23,35.6497082,139.5027653,0,276.791527,-23846.251055,-3482.335682,-49.340801,0.000000000,0.000000000,-0.998244210,-0.059232563,1.5,1.5,0,0,1,-1
24,35.6497097,139.5027498,0,284.918434,-23847.654285,-3482.165491,-49.345948,0.000000000,0.000000000,-0.991537518,-0.129820451,1.5,1.5,0,0,1,-1
25,35.6497118,139.5027401,0,276.805124,-23848.532091,-3481.930137,-49.349098,0.000000000,0.000000000,-0.998237175,-0.059351010,1.5,1.5,0,0,1,-1
26,35.649715,139.5027071,0,282.811103,-23851.519612,-3481.567078,-49.360058,0.000000000,0.000000000,-0.993757114,-0.111565220,1.5,1.5,0,0,1,-1
27,35.6497201,139.5026795,0,320.902852,-23854.017546,-3480.994520,-49.369075,0.000000000,0.000000000,-0.902949937,-0.429745752,1.5,1.5,0,0,1,1
28,35.6497202,139.5026794,0,180.000000,-23854.026572,-3480.983401,-49.369103,0.000000000,0.000000000,-0.707106781,0.707106781,1.5,1.5,0,0,1,-1
29,35.64972,139.5026794,0,193.500343,-23854.026632,-3481.005591,-49.369115,0.000000000,0.000000000,-0.785318784,0.619091599,1.5,1.5,0,0,1,-1
30,35.6496848,139.502669,0,188.428714,-23854.978918,-3484.908580,-49.374811,0.000000000,0.000000000,-0.757158764,0.653230898,1.5,1.5,0,0,1,-1
31,35.6496508,139.5026628,0,194.549336,-23855.550497,-3488.679446,-49.379015,0.000000000,0.000000000,-0.790953083,0.611876802,1.5,1.5,0,0,1,-1
32,35.6496245,139.5026544,0,181.767477,-23856.319019,-3491.595446,-49.383487,0.000000000,0.000000000,-0.717928757,0.696116585,1.5,1.5,0,0,1,7
33,35.6496166,139.5026541,0,178.974030,-23856.348536,-3492.471895,-49.384079,0.000000000,0.000000000,-0.700747602,0.713409279,1.5,1.5,0,0,1,-1
34,35.6495803,139.5026549,0,150.135510,-23856.286881,-3496.499650,-49.386063,0.000000000,0.000000000,-0.501023767,0.865433524,1.5,1.5,0,0,1,-1
35,35.6495486,139.5026773,0,120.819049,-23854.267763,-3500.022272,-49.380458,0.000000000,0.000000000,-0.265716379,0.964051246,1.5,1.5,0,0,1,-1
36,35.6495295,139.5027167,0,103.414035,-23850.705378,-3502.151024,-49.368323,0.000000000,0.000000000,-0.116792378,0.993156352,1.5,1.5,0,0,1,-1
37,35.6495245,139.5027425,0,87.082011,-23848.370416,-3502.712049,-49.359911,0.000000000,0.000000000,0.025461506,0.999675803,1.5,1.5,0,0,1,6
38,35.6495252,139.5027594,0,75.989252,-23846.839744,-3502.638485,-49.354154,0.000000000,0.000000000,0.121962438,0.992534717,1.5,1.5,0,0,1,-1
39,35.649534,139.5028028,0,47.644217,-23842.906826,-3501.672642,-49.338935,0.000000000,0.000000000,0.361264791,0.932463270,1.5,1.5,0,0,1,-1
40,35.6495583,139.5028356,0,24.040894,-23839.929239,-3498.984466,-49.326338,0.000000000,0.000000000,0.544339706,0.838864878,1.5,1.5,0,0,1,-1
41,35.649592,139.5028541,0,17.639237,-23838.243868,-3495.249870,-49.317991,0.000000000,0.000000000,0.590329324,0.807162493,1.5,1.5,0,0,1,-1
42,35.6495943,139.502855,0,67.696186,-23838.161681,-3494.994899,-49.317544,0.000000000,0.000000000,0.193410888,0.981117846,1.5,1.5,0,0,1,5
43,35.6495944,139.5028553,0,99.133288,-23838.134483,-3494.983876,-49.317436,0.000000000,0.000000000,-0.079618614,0.996825399,1.5,1.5,0,0,1,-1
44,35.6495889,139.5028974,0,99.286207,-23834.323545,-3495.604329,-49.303551,0.000000000,0.000000000,-0.080948776,0.996718263,1.5,1.5,0,0,1,-1
45,35.6495832,139.5029403,0,73.323909,-23830.440217,-3496.247164,-49.289411,0.000000000,0.000000000,0.145013233,0.989429716,1.5,1.5,0,0,1,-1
46,35.6495869,139.5029555,0,4.888977,-23829.062608,-3495.840328,-49.284046,0.000000000,0.000000000,0.676304208,0.736622440,1.5,1.5,0,0,1,-1
47,35.649623,139.5029593,0,354.602266,-23828.707759,-3491.835879,-49.280521,0.000000000,0.000000000,-0.739617786,-0.673027139,1.5,1.5,0,0,1,-1
48,35.6496273,139.5029588,0,2.879034,-23828.751762,-3491.358664,-49.280423,0.000000000,0.000000000,0.689119917,0.724647321,1.5,1.5,0,0,1,4
49,35.649658,139.5029607,0,351.303488,-23828.570582,-3487.952895,-49.277877,0.000000000,0.000000000,-0.758683282,-0.651459652,1.5,1.5,0,0,1,-1
50,35.649675,139.5029575,0,288.776350,-23828.855325,-3486.065933,-49.277905,0.000000000,0.000000000,-0.986605849,-0.163122345,1.5,1.5,0,0,1,-1
51,35.6496871,139.5029137,0,282.080290,-23832.818251,-3484.712787,-49.291953,0.000000000,0.000000000,-0.994448412,-0.105225262,1.5,1.5,0,0,1,-1
52,35.6496875,139.5029114,0,276.509168,-23833.026419,-3484.667848,-49.292705,0.000000000,0.000000000,-0.998387132,-0.056772665,1.5,1.5,0,0,1,-1
53,35.6496889,139.5028963,0,279.743524,-23834.393457,-3484.508851,-49.297721,0.000000000,0.000000000,-0.996387273,-0.084925868,1.5,1.5,0,0,1,-1
54,35.6496895,139.502892,0,279.473344,-23834.782685,-3484.441237,-49.299136,0.000000000,0.000000000,-0.996584738,-0.082576387,1.5,1.5,0,0,1,-1
55,35.6496911,139.5028802,0,264.377353,-23835.850816,-3484.260850,-49.303025,0.000000000,0.000000000,-0.998796464,0.049047165,1.5,1.5,0,0,1,3
56,35.6496909,139.5028777,0,193.158920,-23836.077275,-3484.282434,-49.303882,0.000000000,0.000000000,-0.783470731,0.621428687,1.5,1.5,0,0,1,-1
57,35.6496551,139.5028674,0,193.944173,-23837.020676,-3488.252020,-49.309581,0.000000000,0.000000000,-0.787710721,0.616045307,1.5,1.5,0,0,1,-1
58,35.6496191,139.5028564,0,189.473797,-23838.027529,-3492.243626,-49.315531,0.000000000,0.000000000,-0.763084704,0.646298487,1.5,1.5,0,0,1,-1
59,35.6495967,139.5028518,0,270.000000,-23838.450760,-3494.727837,-49.318476,0.000000000,0.000000000,-1.000000000,0.000000000,1.5,1.5,0,0,1,5
60,35.6495967,139.502851,0,267.762743,-23838.523208,-3494.727643,-49.318747,0.000000000,0.000000000,-0.999809418,0.019522510,1.5,1.5,0,0,1,-1
61,35.6495965,139.5028447,0,279.441904,-23839.093794,-3494.748304,-49.320888,0.000000000,0.000000000,-0.996607357,-0.082302955,1.5,1.5,0,0,1,-1
62,35.649597,139.502841,0,271.137104,-23839.428717,-3494.691930,-49.322108,0.000000000,0.000000000,-0.999950766,-0.009922942,1.5,1.5,0,0,1,-1
63,35.6495972,139.5028286,0,284.807755,-23840.551601,-3494.666731,-49.326286,0.000000000,0.000000000,-0.991662444,-0.128862708,1.5,1.5,0,0,1,-1
64,35.649603,139.5028016,0,276.874851,-23842.994995,-3494.016655,-49.335052,0.000000000,0.000000000,-0.998200876,-0.059958409,1.5,1.5,0,0,1,-1
65,35.6496059,139.502772,0,281.285723,-23845.674706,-3493.687709,-49.344878,0.000000000,0.000000000,-0.995154122,-0.098327376,1.5,1.5,0,0,1,-1
66,35.6496089,139.5027535,0,279.526174,-23847.349172,-3493.350362,-49.350946,0.000000000,0.000000000,-0.996546562,-0.083035832,1.5,1.5,0,0,1,-1
67,35.6496092,139.5027513,0,280.258021,-23847.548315,-3493.316542,-49.351671,0.000000000,0.000000000,-0.995995928,-0.089398610,1.5,1.5,0,0,1,-1
68,35.6496102,139.5027445,0,277.618853,-23848.163825,-3493.203939,-49.353908,0.000000000,0.000000000,-0.997790551,-0.066438061,1.5,1.5,0,0,1,-1
69,35.6496107,139.5027399,0,277.618853,-23848.580252,-3493.147346,-49.355432,0.000000000,0.000000000,-0.997790551,-0.066438061,1.5,1.5,0,0,1,-1
70,35.6496107,139.5027399,0,284.977417,-23848.580252,-3493.147346,-49.355432,0.000000000,0.000000000,-0.991470565,-0.130330802,1.5,1.5,0,0,1,-1
71,35.6496112,139.5027376,0,279.970900,-23848.788391,-3493.091312,-49.356179,0.000000000,0.000000000,-0.996216799,-0.086902761,1.5,1.5,0,0,1,-1
72,35.6496118,139.5027334,0,277.458595,-23849.168564,-3493.023721,-49.357561,0.000000000,0.000000000,-0.997882490,-0.065042572,1.5,1.5,0,0,1,-1
73,35.6496123,139.5027287,0,282.993129,-23849.594047,-3492.967104,-49.359119,0.000000000,0.000000000,-0.993578642,-0.113143638,1.5,1.5,0,0,1,-1
74,35.6496132,139.5027239,0,279.076001,-23850.028467,-3492.866081,-49.360686,0.000000000,0.000000000,-0.996865078,-0.079120268,1.5,1.5,0,0,1,-1
75,35.6496159,139.5027031,0,285.100915,-23851.911310,-3492.561460,-49.367552,0.000000000,0.000000000,-0.991329529,-0.131399257,1.5,1.5,0,0,1,-1
76,35.6496225,139.502673,0,278.266211,-23854.635200,-3491.821867,-49.377321,0.000000000,0.000000000,-0.997399305,-0.072073754,1.5,1.5,0,0,1,-1
77,35.6496242,139.5026586,0,280.174332,-23855.938757,-3491.629752,-49.382086,0.000000000,0.000000000,-0.996060952,-0.088671186,1.5,1.5,0,0,1,7
78,35.6496249,139.5026538,0,284.630098,-23856.373236,-3491.550919,-49.383666,0.000000000,0.000000000,-0.991861034,-0.127325130,1.5,1.5,0,0,1,-1
79,35.6496319,139.5026208,0,270.915635,-23859.359631,-3490.766240,-49.394393,0.000000000,0.000000000,-0.999968077,-0.007990338,1.5,1.5,0,0,1,-1
80,35.6496321,139.5026054,0,283.027339,-23860.754193,-3490.740309,-49.399590,0.000000000,0.000000000,-0.993544820,-0.113440255,1.5,1.5,0,0,1,-1
81,35.649639,139.5025687,0,274.659218,-23864.075688,-3489.965824,-49.411577,0.000000000,0.000000000,-0.999173523,-0.040648145,1.5,1.5,0,0,1,-1
82,35.649641,139.5025385,0,285.729098,-23866.810001,-3489.736583,-49.421671,0.000000000,0.000000000,-0.990594316,-0.136831655,1.5,1.5,0,0,1,-1
83,35.6496456,139.5025184,0,275.095914,-23868.628885,-3489.221319,-49.428187,0.000000000,0.000000000,-0.999011362,-0.044455583,1.5,1.5,0,0,1,-1
84,35.6496471,139.5024977,0,305.547926,-23870.503028,-3489.049861,-49.435098,0.000000000,0.000000000,-0.952268212,-0.305262596,1.5,1.5,0,0,1,-1
85,35.6496543,139.5024853,0,359.739171,-23871.623828,-3488.247993,-49.438848,0.000000000,0.000000000,-0.708714438,-0.705495461,1.5,1.5,0,0,1,-1
86,35.64969,139.5024851,0,11.174175,-23871.631319,-3484.286954,-49.436704,0.000000000,0.000000000,0.634904645,0.772590507,1.5,1.5,0,0,1,-1
87,35.6497262,139.5024939,0,42.194465,-23870.823623,-3480.272626,-49.431485,0.000000000,0.000000000,0.405185747,0.914234385,1.5,1.5,0,0,1,-1
88,35.6497409,139.5025103,0,96.581175,-23869.334070,-3478.645615,-49.425027,0.000000000,0.000000000,-0.057400019,0.998351260,1.5,1.5,0,0,1,-1
89,35.6497388,139.5025327,0,96.581175,-23867.306157,-3478.884058,-49.417577,0.000000000,0.000000000,-0.057400019,0.998351260,1.5,1.5,0,0,1,0
