label,latitude,longitude,altitude,heading_deg,x,y,z,q1,q2,q3,q4,right_is_open,left_is_open,line_is_stop,signal_is_stop,isnot_skipnum,node,utm_x,utm_y,x_rotated,y_rotated,error_before,error_after
6,36.0829415,140.0766762,0,92.396764,27974.647893,44599.626180,-221.585791,0.000000000,0.000000000,-0.020914187,0.999781274,2,2,0,0,0,-1,27.0343245704972,-6.96860012362449,26.7110338627112,-7.31517032275664,3.41787771412403,0.473949137215458
7,36.0829399,140.0767235,0,96.107455,27978.908669,44599.462119,-221.603308,0.000000000,0.000000000,-0.053272370,0.998580019,2,2,0,0,0,-1,31.2896442124964,-7.14671130860224,30.8192294867639,-7.60159033490462,3.85980586896877,0.654373702677439
8,36.082936,140.0767686,0,91.224787,27982.972112,44599.042233,-221.618169,0.000000000,0.000000000,-0.010688079,0.999942881,2,2,0,0,0,-1,35.3470420096709,-7.58085732302364,34.8335085510293,-8.05820867465985,4.39054657997938,0.701128323528106
9,36.0829352,140.0768149,0,99.135155,27987.142537,44598.966657,-221.635916,0.000000000,0.000000000,-0.079634855,0.996824102,2,2,0,0,0,-1,39.5123971774471,-7.66991291511703,38.8885567463026,-8.20265339229711,4.88735719946676,0.820359250302352
10,36.0829293,140.0768603,0,93.589097,27991.233709,44598.324946,-221.649347,0.000000000,0.000000000,-0.031315659,0.999509544,2,2,0,0,0,-1,43.5967843179113,-8.32669791135384,42.882586822918,-8.9034314228318,5.39762693871619,0.917986712930199
11,36.0829271,140.0769037,0,93.177959,27995.143435,44598.093207,-221.664862,0.000000000,0.000000000,-0.027729369,0.999615467,2,2,0,0,0,-1,47.5012425099294,-8.57160079079711,46.9010486898651,-9.1719684415261,5.93132055717385,0.848925166127896
12,36.082925,140.0769505,0,67.975434,27999.359356,44597.873536,-221.681806,0.000000000,0.000000000,0.191019431,0.981586255,2,2,0,0,0,-1,51.7115799122602,-8.80537172182194,50.9739536484584,-9.39226483532229,6.50268165740912,0.942621892236906
13,36.0829301,140.0769661,0,18.165211,28000.762606,44598.443865,-221.691960,0.000000000,0.000000000,0.586618251,0.809863586,2,2,0,0,0,-1,53.1150257147418,-8.23764231846948,52.4648302973796,-8.61080789891264,6.91346736357283,0.749671015303536
14,36.0829668,140.076981,0,358.976807,28002.091604,44602.520243,-221.726387,0.000000000,0.000000000,-0.713392297,-0.700764890,2,2,0,0,0,-1,54.4554963837331,-4.15221700607202,53.681783576182,-4.71195475773341,6.8863501666849,0.95495437545655
15,36.083003,140.0769802,0,0.866594,28002.006713,44606.536668,-221.754196,0.000000000,0.000000000,0.701739146,0.712433977,2,2,0,0,0,-1,54.3835248033319,-0.122451439721635,53.6456389510356,-0.562880953547574,7.02987622607065,0.859333280903284
16,36.0830404,140.0769809,0,350.947507,28002.056498,44610.686668,-221.783535,0.000000000,0.000000000,-0.760703390,-0.649099647,2,2,0,0,0,-1,54.4464999368222,4.04089751635077,53.7569875779936,3.52177220512947,7.03409661098615,0.86308654359106
17,36.0830754,140.076974,0,357.705144,28001.422620,44614.568205,-221.807995,0.000000000,0.000000000,-0.721124845,-0.692805137,2,2,0,0,0,-1,53.8257450641719,7.9370796937701,53.138470980316,7.50392421817162,7.14714982527968,0.812384965629547
18,36.0831117,140.0769722,0,2.363665,28001.247626,44618.595441,-221.835492,0.000000000,0.000000000,0.692371997,0.721540725,2,2,0,0,0,-1,53.6638090095477,11.9779772093299,52.9015195524497,11.5185843940896,7.27583814666012,0.890015154419998
19,36.0831489,140.0769741,0,337.997284,28001.405564,44622.723592,-221.865160,0.000000000,0.000000000,-0.829050826,-0.559173254,2,2,0,0,0,-1,53.8347415110829,16.1190622669835,53.1674041220137,15.6150054909486,7.43017051951626,0.836308809182616
20,36.0831833,140.0769569,0,350.374872,27999.844203,44626.535619,-221.885072,0.000000000,0.000000000,-0.763937548,-0.645290185,2,2,0,0,0,-1,52.2873525503559,19.9484527507283,51.7797525530057,19.4177178072331,7.37169093633056,0.734395899741301
21,36.0832219,140.0769488,0,7.671210,27999.100969,44630.816260,-221.911864,0.000000000,0.000000000,0.658221764,0.752824089,2,2,0,0,0,-1,51.5586403071039,24.2453850949407,51.3888671847718,23.4182016068951,7.14809466368944,0.844426098579228
22,36.0832573,140.0769547,0,5.874826,27999.619816,44634.745828,-221.941728,0.000000000,0.000000000,0.669941981,0.742413458,2,2,0,0,0,-1,52.089430705531,28.1860950691977,52.0845069101758,27.3670136917952,7.41736338084998,0.819096176629031
23,36.083295,140.0769595,0,2.557830,28000.038772,44638.930285,-221.972946,0.000000000,0.000000000,0.691148418,0.722712850,2,2,0,0,0,-1,52.5212601828243,32.3828398721074,52.516585877482,31.3539231660543,7.60022598678464,1.02892732353924
24,36.0833348,140.0769617,0,5.813567,28000.222808,44643.347011,-222.004768,0.000000000,0.000000000,0.670338768,0.742055211,2,2,0,0,0,-1,52.7191820276491,36.813355605251,52.7628757058835,35.4114318948497,7.65750745729791,1.40260444434732
25,36.0833729,140.0769665,0,6.708863,28000.641622,44647.575851,-222.036303,0.000000000,0.000000000,0.664520742,0.747269820,2,2,0,0,0,-1,53.1510115049424,41.0546282049983,53.1659693631098,39.4431691679446,7.94577180782397,1.61152845634914
26,36.08341,140.0769719,0,18.405988,28001.114830,44651.693904,-222.067301,0.000000000,0.000000000,0.584915292,0.811094385,2,2,0,0,0,-1,53.6368196662581,45.1845813134425,53.488225972454,43.4690921124288,8.43322023397056,1.72191268205825
27,36.0834423,140.0769852,0,20.597783,28002.301271,44655.281615,-222.097705,0.000000000,0.000000000,0.569295429,0.822133027,2,2,0,0,0,-1,54.8333471770039,48.7802008661624,54.2263020126039,47.4549242494698,9.51350328776041,1.457690619567
28,36.0834752,140.0770005,0,5.615391,28003.667633,44658.936470,-222.129371,0.000000000,0.000000000,0.671621084,0.740894810,2,2,0,0,0,-1,56.2098036361958,52.4426121125569,54.507376695133,51.5320406014118,11.111151135298,1.93064703313826
29,36.0835089,140.0770046,0,30.194036,28004.024958,44662.676898,-222.157216,0.000000000,0.000000000,0.498532857,0.866870804,2,2,0,0,0,-1,56.5786579799988,56.1940789526268,54.2867775138365,55.5948648122257,12.2095883674617,2.36891824621136
30,36.0835364,140.0770244,0,29.571905,28005.798535,44665.733868,-222.186472,0.000000000,0.000000000,0.503231830,0.864151448,2,2,0,0,0,-1,58.3599545757512,59.2553649496225,54.5782263629913,59.6099492821678,14.4550017015557,3.79831519546114
31,36.0835646,140.0770442,0,349.004657,28007.571863,44668.868508,-222.216275,0.000000000,0.000000000,-0.771598733,-0.636109579,2,2,0,0,0,-1,60.1412511689466,62.3945745895022,55.0308849407123,63.7498423088215,16.6133692266665,5.2870212386283
32,36.0835933,140.0770373,0,11.021621,28006.940221,44672.051013,-222.235867,0.000000000,0.000000000,0.635932620,0.771744584,2,2,0,0,0,-1,59.5204962962964,65.589443975429,55.5590611611765,67.7280064150314,16.5357415169857,4.50182381239438
33,36.0836211,140.077044,0,42.317896,28007.533810,44675.137535,-222.260161,0.000000000,0.000000000,0.404200755,0.914670296,2,2,0,0,0,-1,60.1232582751248,68.684125819262,55.9489119444638,71.783762482074,17.7238398796213,5.19931867938019
34,36.083644,140.0770698,0,22.394827,28009.849418,44677.685813,-222.288226,0.000000000,0.000000000,0.556333128,0.830959356,2,2,0,0,0,-1,62.4443417162153,71.2333421589524,56.3510309074769,75.7756898351864,20.58742797918,7.60008940892646
35,36.0836693,140.0770827,0,323.768675,28011.002309,44680.496710,-222.313039,0.000000000,0.000000000,-0.891921175,-0.452190909,2,2,0,0,0,-1,63.6048834367606,74.0497252757139,56.8633120937891,79.7736257040605,22.2663493610142,8.84374469814684
36,36.0837068,140.0770487,0,319.479092,28007.926729,44684.647912,-222.328726,0.000000000,0.000000000,-0.908219546,-0.418494034,2,2,0,0,0,-1,60.5460913055072,78.2242061809957,57.1535476624229,83.8014219010678,19.9509079693061,6.52799261323503
37,36.0837745,140.0769771,0,326.586377,28001.453926,44692.139306,-222.352999,0.000000000,0.000000000,-0.880533708,-0.473983532,2,2,0,0,0,-1,54.1046349337519,85.7605357071817,56.9198323308664,87.6275687935674,13.1758384701944,3.37803921386052
38,36.0837794,140.0769731,0,286.793865,28001.091921,44692.681856,-222.355226,0.000000000,0.000000000,-0.989280153,-0.146030065,2,2,0,0,0,-1,53.7447770368599,86.3060012121153,56.4108423149265,87.862098906383,13.0553692886803,3.08696357299822
39,36.0837804,140.076969,0,291.907526,28000.722292,44692.791645,-222.354377,0.000000000,0.000000000,-0.981780844,-0.190016772,2,2,0,0,0,-1,53.3759226904999,86.4173207026276,56.0590454585713,87.839300203008,12.9198367837381,3.03663851784255
40,36.0837921,140.076933,0,297.782734,27997.475736,44694.079584,-222.349195,0.000000000,0.000000000,-0.970752667,-0.240081778,2,2,0,0,0,-1,50.1372016108005,87.7197587451008,52.0263665346058,88.5090762102334,12.8877631680344,2.0474291611921
41,36.083803,140.0769074,0,274.006493,27995.166159,44695.281722,-222.347521,0.000000000,0.000000000,-0.999388848,-0.034956124,2,2,0,0,0,-1,47.8341110635318,88.9331411946897,49.1912729136659,89.4377969263695,13.0722968992143,1.44795224195299
42,36.0838039,140.0768915,0,290.948707,27993.733777,44695.377052,-222.341911,0.000000000,0.000000000,-0.983336381,-0.181795387,2,2,0,0,0,-1,46.4036759203175,89.0333287367834,47.8903343418156,89.447042969015,12.818597732715,1.54315026104469
43,36.0838095,140.0768734,0,275.531209,27992.101581,44695.993255,-222.339088,0.000000000,0.000000000,-0.998835283,-0.048250163,2,2,0,0,0,-1,44.7753189322784,89.656717885392,46.0958254199728,89.8949306028619,12.808064008708,1.34182065970356
44,36.0838104,140.0768619,0,287.488329,27991.065493,44696.089839,-222.335225,0.000000000,0.000000000,-0.988376999,-0.152022722,2,2,0,0,0,-1,43.7407274761567,89.7569054266948,44.9520219519413,89.8880152008802,12.7804236960476,1.21836943492242
45,36.0838159,140.0768403,0,243.515738,27989.118100,44696.693949,-222.330936,0.000000000,0.000000000,-0.973410728,0.229066705,2,2,0,0,0,-1,41.7974948283371,90.369162626094,42.8291061552249,90.2477045534097,12.7492203715124,1.03873672948601
46,36.0838068,140.0768177,0,234.309125,27987.085814,44695.677799,-222.314884,0.000000000,0.000000000,-0.951886667,0.306450280,2,2,0,0,0,-1,39.7642977062944,89.3561552599017,40.7232330212973,88.9087502550321,12.4066775492033,1.05817209221469
47,36.0837913,140.076791,0,234.309125,27984.686522,44693.950355,-222.292223,0.000000000,0.000000000,-0.951886667,0.306450280,2,2,0,0,0,-1,37.3622462378918,87.6307031530074,38.2835981043485,86.8977655796271,11.961984659771,1.17732185416555
48,36.0837913,140.076791,0,283.624292,27984.686522,44693.950355,-222.292223,0.000000000,0.000000000,-0.992940386,-0.118614462,2,2,0,0,0,-1,37.3622462378918,87.6307031530074,38.2169140599605,86.9146081235049,12.0293315955731,1.1150108418118
49,36.0837951,140.0767716,0,271.707855,27982.937877,44694.366466,-222.287485,0.000000000,0.000000000,-0.999888940,-0.014903295,2,2,0,0,0,-1,35.6169354348969,88.0537172174284,36.5048228090593,87.324171674463,11.9604253820253,1.14916521373461
50,36.0837953,140.0767633,0,281.274472,27982.190251,44694.386293,-222.284349,0.000000000,0.000000000,-0.995163772,-0.098229668,2,2,0,0,0,-1,34.8702302952661,88.0759811158473,35.6255521935001,87.2806642051029,12.0217343506328,1.09683187338255
51,36.0837982,140.0767453,0,272.606456,27980.568020,44694.702941,-222.279466,0.000000000,0.000000000,-0.999741330,-0.022743658,2,2,0,0,0,-1,33.2508697566949,88.3988076389655,33.9334469067073,87.6322004956516,12.068606023607,1.02644925734253
52,36.0837993,140.0767154,0,279.790572,27977.874630,44694.816478,-222.268462,0.000000000,0.000000000,-0.996352320,-0.085334949,2,2,0,0,0,-1,30.5609319692445,88.5212590786871,31.0981365741311,87.7645041611548,12.1108702409731,0.928044607074848
53,36.0838034,140.076686,0,271.889907,27975.225212,44695.263029,-222.259994,0.000000000,0.000000000,-0.999864001,-0.016491802,2,2,0,0,0,-1,27.9159764214625,88.9776689915273,28.4976347337222,88.1112140013098,11.9943845285304,1.04358547435925
54,36.0838042,140.076656,0,278.549618,27972.522922,44695.343252,-222.248719,0.000000000,0.000000000,-0.997218003,-0.074540291,2,2,0,0,0,-1,25.2170421871011,89.0667245836207,25.770235178276,88.2065843740356,11.9473490422097,1.0226747604347
55,36.0838055,140.0766453,0,276.346671,27971.558746,44695.484449,-222.245488,0.000000000,0.000000000,-0.998466634,-0.055356841,2,2,0,0,0,-1,24.2544223113807,89.2114399217612,24.6300871144706,88.3941230549707,12.120555602321,0.899517039872404
56,36.0838063,140.0766364,0,276.549390,27970.756867,44695.570681,-222.242582,0.000000000,0.000000000,-0.998367143,-0.057123098,2,2,0,0,0,-1,23.4537384877275,89.3004955146455,24.0071614146535,88.4690101683446,11.9348695870768,0.998821714401734
57,36.0838072,140.0766267,0,281.054988,27969.882900,44695.667780,-222.239436,0.000000000,0.000000000,-0.995350091,-0.096323393,2,2,0,0,0,-1,22.5810830862301,89.4006830559484,23.0887047190665,88.5730467318918,11.9696665263617,0.970907620230414
58,36.0838075,140.0766248,0,277.660218,27969.711667,44695.700527,-222.238916,0.000000000,0.000000000,-0.997766504,-0.066798237,2,2,0,0,0,-1,22.4101505846949,89.4340789035766,22.7817545259052,88.601150441187,12.0997274306194,0.912063217426175
59,36.0838085,140.0766156,0,278.049131,27968.882697,44695.808864,-222.236047,0.000000000,0.000000000,-0.997534051,-0.070184172,2,2,0,0,0,-1,21.582477420309,89.5453983940888,22.1323568552201,88.6855553251294,11.9144588960474,1.02063582936109
60,36.0838089,140.0766121,0,273.932531,27968.567322,44695.852251,-222.234971,0.000000000,0.000000000,-0.999411202,-0.034311071,2,2,0,0,0,-1,21.2676017605285,89.5899261909265,21.7233679218984,88.7266202275161,12.0031887135804,0.97622742243282
61,36.083809,140.0766103,0,275.653336,27968.405166,44695.862834,-222.234335,0.000000000,0.000000000,-0.998783292,-0.049314653,2,2,0,0,0,-1,21.1056657059042,89.6010581393449,21.5129347412671,88.7541793279779,12.0518467413589,0.939718994331693
62,36.0838096,140.0766028,0,277.619297,27967.729452,44695.927273,-222.231828,0.000000000,0.000000000,-0.997790294,-0.066441927,2,2,0,0,0,-1,20.4309321466747,89.6678498338105,20.9363659726792,88.8009280594687,11.9450340745268,1.00350222485929
63,36.08381,140.0765991,0,275.900844,27967.396063,44695.970602,-222.230672,0.000000000,0.000000000,-0.998674447,-0.051471823,2,2,0,0,0,-1,20.0980635905153,89.7123776306481,20.5551167169767,88.8408850119322,11.9896112819596,0.984071615729497
64,36.0838136,140.076556,0,275.751286,27963.512906,44696.357778,-222.216388,0.000000000,0.000000000,-0.998740774,-0.050168370,2,2,0,0,0,-1,16.2205947417869,90.1131277974413,16.4880798636392,89.1824730179331,12.1459352985925,0.968331869264745
65,36.0838143,140.0765474,0,277.540495,27962.738083,44696.433000,-222.213524,0.000000000,0.000000000,-0.997835748,-0.065755754,2,2,0,0,0,-1,15.4469002614234,90.1910514411162,15.79052447037,89.255724362692,12.069634617815,0.996450872149554
66,36.0838189,140.0765044,0,272.401879,27958.863579,44696.931164,-222.200060,0.000000000,0.000000000,-0.999780340,-0.020958814,2,2,0,0,0,-1,11.5784278621629,90.7031210984216,11.853415574104,89.8282340155711,12.1737642235877,0.917085410121292
67,36.0838191,140.0764985,0,279.908990,27958.332114,44696.951676,-222.197877,0.000000000,0.000000000,-0.996263604,-0.086364525,2,2,0,0,0,-1,11.0476374611787,90.7253849968404,11.2544608862068,89.8902102905668,12.2451841947756,0.860402649426191
68,36.0838203,140.07649,0,274.035687,27957.566121,44697.082406,-222.195442,0.000000000,0.000000000,-0.999379910,-0.035210733,2,2,0,0,0,-1,10.2829394302831,90.8589683857715,10.557707323513,89.9864214452615,12.1861447484582,0.914787165707637
69,36.0838216,140.0764672,0,278.615727,27955.512136,44697.220161,-222.187418,0.000000000,0.000000000,-0.997174834,-0.075115584,2,2,0,0,0,-1,8.23174941186162,91.003683723912,8.50164474173556,90.1071212689662,12.1989314981536,0.936305358687081
70,36.0838234,140.0764525,0,278.615727,27954.187516,44697.415701,-222.182994,0.000000000,0.000000000,-0.997174834,-0.075115584,2,2,0,0,0,-1,6.90927163669216,91.2040588073085,7.12977786788617,90.278981702644,12.2711868528885,0.950994557066382
71,36.0838234,140.0764525,0,278.615727,27954.187516,44697.415701,-222.182994,0.000000000,0.000000000,-0.997174834,-0.075115584,2,2,0,0,0,-1,6.90927163669216,91.2040588073085,7.11440607281306,90.283307781407,12.2868317895926,0.943325282488122
72,36.0838234,140.0764525,0,266.852198,27954.187516,44697.415701,-222.182994,0.000000000,0.000000000,-0.999622730,0.027466300,2,2,0,0,0,-1,6.90927163669216,91.2040588073085,6.99880726318629,90.2947471914528,12.402956463926,0.913709058257524
73,36.0838232,140.076448,0,278.118812,27953.782286,44697.392229,-222.181055,0.000000000,0.000000000,-0.997491188,-0.070790741,2,2,0,0,0,-1,6.50443150268858,91.1817949088897,6.74094299233393,90.3320172836456,12.2574272737183,0.882076922439175
74,36.0838278,140.0764081,0,279.577548,27950.186991,44697.891279,-222.168825,0.000000000,0.000000000,-0.996509235,-0.083482598,2,2,0,0,0,-1,2.91484897045103,91.693864566986,2.81593124250276,91.1278721469902,12.6830584300973,0.574571263112933
75,36.0838284,140.0764037,0,279.524434,27949.790484,44697.956601,-222.167549,0.000000000,0.000000000,-0.996547823,-0.083020700,2,2,0,0,0,-1,2.51900528335837,91.7606562614516,2.33521885387776,91.2338618405844,12.7799097581424,0.557933520697665
76,36.08383,140.0763919,0,276.418195,27948.727129,44698.130775,-222.164119,0.000000000,0.000000000,-0.998431888,-0.055980038,2,2,0,0,0,-1,1.45742448650399,91.9387674464293,1.32147744941028,91.2373171910899,12.7533889821966,0.714502664522913
77,36.0838305,140.0763864,0,296.032796,27948.231584,44698.184689,-222.162329,0.000000000,0.000000000,-0.974305644,-0.225229909,2,2,0,0,0,-1,0.962619875720449,91.9944271916854,0.719854919089303,91.2939240309049,12.8707509603349,0.741376761459146
78,36.083832,140.0763826,0,273.031674,27947.888799,44698.350044,-222.161991,0.000000000,0.000000000,-0.999650051,-0.026453260,2,2,0,0,0,-1,0.620754872650207,92.1614064282447,0.390451428787789,91.3352298733496,12.8815644932098,0.85767556576667
79,36.0838331,140.0763569,0,274.715785,27945.573692,44698.464785,-222.152666,0.000000000,0.000000000,-0.999153335,-0.041141373,2,2,0,0,0,-1,-1.69133211897244,92.2838578679663,-2.00170979293651,91.6341404552808,12.9996841397012,0.720046537969661
80,36.0838334,140.0763524,0,268.389132,27945.168285,44698.496792,-222.151116,0.000000000,0.000000000,-0.999901195,0.014057012,2,2,0,0,0,-1,-2.09617225553296,92.3172537148036,-2.38712639515644,91.671106929875,12.9888158554831,0.708632471057904
81,36.0838333,140.076348,0,276.194781,27944.772027,44698.484444,-222.149295,0.000000000,0.000000000,-0.998539132,-0.054033335,2,2,0,0,0,-1,-2.49201594262563,92.3061217655942,-2.82457011678169,91.7365713778668,13.0325551472474,0.659530077334676
82,36.0838348,140.0763309,0,273.826569,27943.231353,44698.646016,-222.143689,0.000000000,0.000000000,-0.999442502,-0.033386908,2,2,0,0,0,-1,-4.03040845644172,92.4731010021535,-4.54956986661306,91.8419375358361,13.2602054525339,0.817248977377666
83,36.0838352,140.0763235,0,279.247402,27942.564717,44698.688294,-222.141069,0.000000000,0.000000000,-0.996745618,-0.080611245,2,2,0,0,0,-1,-4.69614556620344,92.5176287982002,-5.17762760150439,91.8996945486476,13.2369967861898,0.783369444826486
84,36.0838357,140.0763197,0,279.307579,27942.222286,44698.742691,-222.139953,0.000000000,0.000000000,-0.996703148,-0.081134669,2,2,0,0,0,-1,-5.03801056927368,92.5732885442473,-5.56556735193645,91.9407001547793,13.2958449579561,0.82370154147196
85,36.0838377,140.0763046,0,273.994484,27940.861569,44698.960311,-222.135529,0.000000000,0.000000000,-0.999392506,-0.034851390,2,2,0,0,0,-1,-6.39647413464374,92.7959275252717,-6.96589652117183,92.1084747631591,13.3912451861321,0.892655115044746
86,36.0838402,140.0762603,0,275.224976,27936.870723,44699.225104,-222.119929,0.000000000,0.000000000,-0.998960659,-0.045580719,2,2,0,0,0,-1,-10.381900351417,93.0742262523433,-10.9855683641134,92.383984183882,13.5402136005194,0.916978289070437
87,36.0838434,140.076217,0,271.968586,27932.969697,44699.567854,-222.105272,0.000000000,0.000000000,-0.999852442,-0.017178309,2,2,0,0,0,-1,-14.2773620965242,93.4304486230897,-14.9259294050851,93.1433765795726,13.6825924155479,0.709260115827024
88,36.0838436,140.0762098,0,277.960709,27932.321145,44699.587998,-222.102577,0.000000000,0.000000000,-0.997587910,-0.069414426,2,2,0,0,0,-1,-14.9251063124641,93.4527125215086,-15.6170281233699,93.2494029966922,13.7353762913438,0.721173041154661
89,36.0838469,140.0761806,0,272.422386,27929.690027,44699.945854,-222.093584,0.000000000,0.000000000,-0.999776573,-0.021137731,2,2,0,0,0,-1,-17.5520689664242,93.8200668406735,-18.630584529489,93.3646289955834,14.2666973538981,1.17073457731177
90,36.0838473,140.0761689,0,278.987570,27928.636103,44699.986910,-222.089263,0.000000000,0.000000000,-0.996925838,-0.078350957,2,2,0,0,0,-1,-18.6046533163677,93.8645946367202,-19.8543842855978,93.5997070166025,14.4459399155638,1.27749479323578
91,36.083849,140.0761556,0,283.680881,27927.437613,44700.171756,-222.085321,0.000000000,0.000000000,-0.992881689,-0.119104794,2,2,0,0,0,-1,-19.8011808271136,94.0538377716983,-20.9761539022902,93.6556368780432,14.451454951571,1.24061504065433
92,36.0838574,140.0761129,0,286.730328,27923.588789,44701.091658,-222.074957,0.000000000,0.000000000,-0.989360969,-0.145481521,2,2,0,0,0,-1,-23.6426638856414,94.9889214942156,-24.9181452697855,94.3466850195848,14.8482269572536,1.42804777603709
93,36.0838677,140.0760705,0,296.005281,27919.766314,44702.222466,-222.066193,0.000000000,0.000000000,-0.974359697,-0.224995958,2,2,0,0,0,-1,-27.4571576034365,96.135512249339,-28.469511498942,96.4517019386648,14.6965206166568,1.06058301390371
94,36.0838828,140.0760322,0,273.553001,27916.311417,44703.887036,-222.062793,0.000000000,0.000000000,-0.999519359,-0.031000815,2,2,0,0,0,-1,-30.9027969748716,97.8164365601866,-31.8865300452041,98.4157819388951,14.9585472828588,1.15193126385438
95,36.0838842,140.0760043,0,279.468545,27913.798059,44704.034447,-222.052842,0.000000000,0.000000000,-0.996588196,-0.082534650,2,2,0,0,0,-1,-33.4128058113191,97.9722838475364,-34.269960039508,98.542359081884,14.9510403124109,1.02941689500351
96,36.0838904,140.0759583,0,278.529999,27909.652796,44704.709312,-222.039468,0.000000000,0.000000000,-0.997230750,-0.074369558,2,2,0,0,0,-1,-37.5511716358057,98.6624646906105,-38.2166211337871,99.2131363601639,15.0259180853787,0.863748992481258
97,36.0838944,140.0759253,0,267.376035,27906.679178,44705.143765,-222.029526,0.000000000,0.000000000,-0.999737843,0.022896413,2,2,0,0,0,-1,-40.5199992928361,99.1077426534504,-40.8665981861254,99.6311730033079,14.9160739378932,0.627781907975494
98,36.0838928,140.0758821,0,237.813829,27902.788859,44704.953961,-222.011190,0.000000000,0.000000000,-0.960812614,0.277198704,2,2,0,0,0,-1,-44.4064645884754,98.9296314684726,-44.845790678174,98.5753199083016,15.4630344250444,0.564397107328368
99,36.0838781,140.0758532,0,187.265436,27900.191123,44703.314681,-221.988311,0.000000000,0.000000000,-0.750488581,0.660883416,2,2,0,0,0,-1,-47.0064379017028,97.2932349536718,-47.2420172152473,96.5720006441853,15.3722010328751,0.758733511946434
100,36.0838407,140.0758473,0,186.329569,27899.672943,44699.163204,-221.956856,0.000000000,0.000000000,-0.745066190,0.666990534,2,2,0,0,0,-1,-47.53722830013,93.1298859975994,-47.7577519792367,92.5359417479664,14.8363548148846,0.633561729209454
101,36.083805,140.0758424,0,184.835733,27899.244228,44695.200638,-221.927122,0.000000000,0.000000000,-0.736308121,0.676646400,2,2,0,0,0,-1,-47.9780542243342,89.1557801765051,-48.2349608786981,88.4531777619281,14.4705368719182,0.748098377237803
102,36.0837687,140.0758386,0,184.778955,27898.914799,44691.171810,-221.897358,0.000000000,0.000000000,-0.735972765,0.677011144,2,2,0,0,0,-1,-48.3199192274044,85.1148826609453,-48.6362380193793,84.4250645078748,14.0649539110741,0.758885144446846
103,36.0837339,140.075835,0,201.092199,27898.602853,44687.309475,-221.868844,0.000000000,0.000000000,-0.824581646,0.565742972,2,2,0,0,0,-1,-48.6437913366528,81.2409643811538,-49.0400045394591,80.419639184926,13.7713547909481,0.911899106281287
104,36.0837119,140.0758245,0,192.149645,27897.664923,44684.865433,-221.847566,0.000000000,0.000000000,-0.777967127,0.628304981,2,2,0,0,0,-1,-49.5884183185515,78.7919355835572,-49.6651922590786,76.4306175464343,14.1487108032051,2.36256578964186
105,36.0836875,140.075818,0,193.614450,27897.088107,44682.156230,-221.826004,0.000000000,0.000000000,-0.785934868,0.618309294,2,2,0,0,0,-1,-50.1731874010011,76.0757400080985,-50.0545928757509,72.423655244042,14.6011534096546,3.65400982282106
106,36.0836558,140.0758085,0,194.603224,27896.243670,44678.636187,-221.797574,0.000000000,0.000000000,-0.791240738,0.611504779,2,2,0,0,0,-1,-51.0278499086767,72.5469121498441,-50.3510433507548,68.3084957611998,14.3850117197323,4.29211376834016
107,36.0836223,140.0757977,0,181.060278,27895.282780,44674.916051,-221.767232,0.000000000,0.000000000,-0.713619046,0.700533980,2,2,0,0,0,-1,-51.999466233865,68.8177092089841,-50.864785481762,64.2565767285303,14.1314908943384,4.70015211598983
108,36.083583,140.0757968,0,186.893923,27895.215602,44670.555176,-221.736294,0.000000000,0.000000000,-0.748342015,0.663313070,2,2,0,0,0,-1,-52.0804342586201,64.4428532203057,-51.0255249349555,60.1867198011311,13.6120929391702,4.38491794255822
109,36.0835449,140.0757911,0,183.548769,27894.715679,44666.326085,-221.704395,0.000000000,0.000000000,-0.728662511,0.684872941,2,2,0,0,0,-1,-52.5932317632255,60.2015806213493,-51.6389576749167,56.2064032977496,13.2055232576746,4.10756386226961
110,36.0835032,140.0757879,0,184.380464,27894.442194,44661.698259,-221.670686,0.000000000,0.000000000,-0.733614020,0.679566383,2,2,0,0,0,-1,-52.8811180822733,55.5595578548088,-52.0453975576488,52.1411488084753,12.5030912333884,3.51908357436044
111,36.083461,140.0757839,0,186.141868,27894.096832,44657.014727,-221.636275,0.000000000,0.000000000,-0.743972661,0.668210057,2,2,0,0,0,-1,-53.2409759791654,50.8618753438031,-52.5881430927224,48.1763175094762,11.7164841638675,2.76376765650374
112,36.0834242,140.075779,0,182.683894,27893.668501,44652.930108,-221.605712,0.000000000,0.000000000,-0.723472756,0.690352932,2,2,0,0,0,-1,-53.6818019059265,46.7653180821963,-53.1837661208991,44.1252837624179,11.5302968718436,2.68660024059694
113,36.0833811,140.0757765,0,178.855268,27893.458558,44648.147140,-221.571201,0.000000000,0.000000000,-0.700007852,0.714135146,2,2,0,0,0,-1,-53.9067130914841,41.9674480290968,-53.4303000827021,40.0684887931269,10.6254376724694,1.95780886064301
114,36.0833447,140.0757774,0,184.850326,27893.552476,44644.108552,-221.543249,0.000000000,0.000000000,-0.736394285,0.676552627,2,2,0,0,0,-1,-53.8257450641719,37.9154185643276,-53.3670067262223,36.0621266682568,10.325087964534,1.9092228038515
115,36.0833047,140.0757732,0,173.891068,27893.188322,44639.669069,-221.510483,0.000000000,0.000000000,-0.668423862,0.743780573,2,2,0,0,0,-1,-54.2035958574428,33.4626389327653,-53.7767285579691,32.0216431960938,9.76357309049546,1.50289201357432
116,36.0832677,140.0757781,0,121.195910,27893.642722,44635.565042,-221.483651,0.000000000,0.000000000,-0.268885443,0.963172164,2,2,0,0,0,-1,-53.7627699332386,29.3438177735305,-53.4446874893463,27.9650785499429,9.47598757222663,1.41495522465245
117,36.083247,140.0758204,0,84.188691,27897.459890,44633.280239,-221.484285,0.000000000,0.000000000,0.050691503,0.998714359,2,2,0,0,0,-1,-49.9572726623544,27.0395043140744,-49.7749111996873,26.2170241818503,8.43759193345436,0.842454313876734
118,36.0832508,140.0758666,0,71.938510,27901.619667,44633.714998,-221.505513,0.000000000,0.000000000,0.156964438,0.987604255,2,2,0,0,0,-1,-45.800913944046,27.4625183792864,-45.8294557840983,26.966998844945,7.77838145910856,0.496340856214232
119,36.0832615,140.0759072,0,97.614903,27905.272626,44634.913773,-221.529893,0.000000000,0.000000000,-0.066403667,0.997792841,2,2,0,0,0,-1,-42.1483562808752,28.6536369304564,-42.0235547846897,28.2963467824107,7.22662499618531,0.378459592744899
120,36.0832568,140.0759507,0,107.675738,27909.192224,44634.404633,-221.543449,0.000000000,0.000000000,-0.153638961,0.988127051,2,2,0,0,0,-1,-38.2349016419461,28.1304353239416,-37.9585253090469,27.578933599152,6.79994642214738,0.616877645755369
121,36.0832457,140.0759938,0,127.489205,27913.078057,44633.185253,-221.551873,0.000000000,0.000000000,-0.321350259,0.946960406,2,2,0,0,0,-1,-34.3574327932177,26.8947889759339,-34.1750875521941,26.2170900469658,6.41492262746141,0.701801699377
122,36.0832245,140.076028,0,123.879129,27916.165860,44630.842678,-221.548925,0.000000000,0.000000000,-0.291362833,0.956612617,2,2,0,0,0,-1,-31.2806477681425,24.5348157712217,-30.9858997362525,23.7664131669528,5.89141237720507,0.822993903106336
123,36.0832035,140.0760667,0,113.269109,27919.658899,44628.523575,-221.547916,0.000000000,0.000000000,-0.201668656,0.979453803,2,2,0,0,0,-1,-27.7990226065067,22.1971064641373,-27.3847710013858,21.9797240751186,4.79827947526658,0.467824214209469
124,36.083188,140.0761113,0,130.035256,27923.681393,44626.816415,-221.553521,0.000000000,0.000000000,-0.342309239,0.939587348,2,2,0,0,0,-1,-23.7866070464438,20.471654357243,-23.6838258278843,20.413947739201,4.29034892947704,0.117872951326466
125,36.0831641,140.0761465,0,98.053504,27926.860224,44624.174543,-221.548878,0.000000000,0.000000000,-0.070222239,0.997531371,2,2,0,0,0,-1,-20.6198575445886,17.8111185270405,-20.6912086255469,17.6587510178573,3.90958100065639,0.168246350951794
126,36.083159,140.0761911,0,97.132208,27930.879044,44623.621342,-221.562573,0.000000000,0.000000000,-0.062200079,0.998063700,2,2,0,0,0,-1,-16.6074419845256,17.243389123688,-16.6950594140299,17.0730692422593,3.47289267848799,0.191535051525352
127,36.0831545,140.0762356,0,77.501819,27934.888644,44623.134688,-221.576697,0.000000000,0.000000000,0.108851095,0.994058066,2,2,0,0,0,-1,-12.6040228713736,16.742451415592,-12.6926585203899,16.7286915170269,2.96681172999729,0.089697341571834
128,36.0831624,140.0762797,0,121.662556,27938.857831,44624.023792,-221.600304,0.000000000,0.000000000,-0.272805485,0.962069211,2,2,0,0,0,-1,-8.63658954842214,17.6218753928533,-8.64030858566713,16.3153421719694,3.41852667960278,1.30653851397928
129,36.0831468,140.076311,0,173.114299,27941.682467,44622.301762,-221.600576,0.000000000,0.000000000,-0.663366762,0.748294420,2,2,0,0,0,-1,-5.82070149654809,15.8852913367496,-6.04312569468117,14.3376470085939,3.2972250021174,1.56354580693621
130,36.0831033,140.0763175,0,142.455989,27942.283299,44617.476970,-221.569341,0.000000000,0.000000000,-0.441944197,0.897042545,2,2,0,0,0,-1,-5.23593241409848,11.0428934868125,-5.33320891918925,10.2949405332948,2.15010545819642,0.754252172100643
138,36.0830727,140.0763466,0,80.752673,27944.915097,44614.089956,-221.557088,0.000000000,0.000000000,0.080610593,0.996745671,2,2,0,0,0,-1,-2.61796620704924,7.63651706827975,-2.16483502957659,8.61406745488971,0.928174711493948,1.07746583349962
139,36.0830787,140.0763922,0,98.717068,27949.020061,44614.768673,-221.579817,0.000000000,0.000000000,-0.075997423,0.997108014,2,2,0,0,0,-1,1.48441382723673,8.30443401372598,1.8001041150363,9.163102762341,1.39984260253805,0.914861944590031
140,36.083073,140.0764382,0,90.479004,27953.165193,44614.149306,-221.593615,0.000000000,0.000000000,-0.004180086,0.999991263,2,2,0,0,0,-1,5.62277965172329,7.669912915908,5.83208627318445,8.80748917742851,2.13429723842176,1.15667152319164
141,36.0830727,140.0764826,0,85.729690,27957.164306,44614.128654,-221.610979,0.000000000,0.000000000,0.037256860,0.999305722,2,2,0,0,0,-1,9.61720231796441,7.63651706827975,9.88629067053828,8.8062703122395,2.65370364881355,1.20030462518699
142,36.0830755,140.076529,0,95.162027,27961.342456,44614.452541,-221.631546,0.000000000,0.000000000,-0.045031950,0.998985547,2,2,0,0,0,-1,13.7915539326516,7.94821164297952,13.9226835894985,9.06904213805933,3.19957650364993,1.12847507088355
143,36.0830722,140.0765742,0,82.838342,27965.414685,44614.099249,-221.646901,0.000000000,0.000000000,0.062456579,0.998047682,2,2,0,0,0,-1,17.8579481767369,7.58085732302364,17.9303463208286,8.62144078023326,3.65337801398263,1.04309895153156
144,36.0830768,140.0766195,0,69.590912,27969.493123,44614.622550,-221.668436,0.000000000,0.000000000,0.177162794,0.984181561,2,2,0,0,0,-1,21.9333388702902,8.09292698111999,22.0499040485725,8.95548810380245,4.02894546309988,0.870401706771775
145,36.0830811,140.0766338,0,26.277451,27970.779568,44615.103738,-221.677449,0.000000000,0.000000000,0.527864405,0.849328659,2,2,0,0,0,-1,23.219830855259,8.57160079158808,23.3745099839739,9.65733874192207,4.42901527697939,1.0967007475403
146,36.083114,140.0766539,0,51.033378,27972.578274,44618.759956,-221.710989,0.000000000,0.000000000,0.333532274,0.942738682,2,2,0,0,0,-1,25.0281167917442,12.2340120387736,25.2110414814235,13.2579519724527,4.74722233545623,1.04015115722522
147,36.0831274,140.0766744,0,96.704367,27974.419915,44620.252621,-221.729533,0.000000000,0.000000000,-0.058473267,0.998288975,2,2,0,0,0,-1,26.8723885184299,13.725693214643,27.3537854327504,14.6361015368283,4.86833850551558,1.0298477082664
148,36.0831236,140.0767144,0,98.465462,27978.023967,44619.842375,-221.742444,0.000000000,0.000000000,-0.073807915,0.997272476,2,2,0,0,0,-1,30.4709674950214,13.302679150222,31.3545239312029,13.9772241596798,5.02793248095144,1.11161276787473
149,36.0831185,140.0767568,0,94.569698,27981.844642,44619.288570,-221.755299,0.000000000,0.000000000,-0.039867569,0.999204972,2,2,0,0,0,-1,34.2854612128165,12.7349497468695,35.4708225239515,13.378698845461,5.47800844670921,1.34888633319238
150,36.0831158,140.0767986,0,96.549316,27985.610427,44619.000893,-221.769784,0.000000000,0.000000000,-0.057122453,0.998367180,2,2,0,0,0,-1,38.0459762440323,12.4343871221701,39.5202565535353,12.9913917668434,5.9010129073038,1.57599384680775
151,36.0831113,140.0768471,0,98.177127,27989.980303,44618.515404,-221.785530,0.000000000,0.000000000,-0.071298349,0.997455034,2,2,0,0,0,-1,42.4092532540764,11.9334494132832,43.5980809348662,12.504639049206,6.50846604289468,1.31892716053522
152,36.0831059,140.0768936,0,91.600922,27994.170364,44617.929486,-221.799786,0.000000000,0.000000000,-0.013970226,0.999902412,2,2,0,0,0,-1,46.5926013182314,11.3323241630935,47.6579009629062,12.0031282480513,7.17687396742153,1.2589048627042
153,36.0831048,140.0769423,0,18.250889,27998.557049,44617.821313,-221.818260,0.000000000,0.000000000,0.586012567,0.810301963,2,2,0,0,0,-1,50.9738712220973,11.2098727233718,51.6554646851534,11.7416460554494,7.64738379462156,0.864495532428987
154,36.0831396,140.0769565,0,18.419519,27999.823671,44621.686673,-221.850944,0.000000000,0.000000000,0.584819514,0.811163446,2,2,0,0,0,-1,52.2513667601553,15.0837910023723,52.9803257347508,15.6189175668283,7.89927094311058,0.904290675960926
155,36.083176,140.0769715,0,88.519883,28001.161778,44625.729792,-221.885193,0.000000000,0.000000000,0.012916098,0.999916584,2,2,0,0,0,-1,53.6008338760575,19.1358204679325,54.5231840820964,19.4385692456929,7.93592046325859,0.970766050609231
156,36.0831769,140.0770146,0,94.705322,28005.043372,44625.841941,-221.903003,0.000000000,0.000000000,-0.041050143,0.999157088,2,2,0,0,0,-1,57.4783027247859,19.2360080092353,58.5512397074999,19.1900285584393,8.09477844487103,1.07392172841924
157,36.0831739,140.0770597,0,92.384544,28009.106484,44625.521928,-221.918578,0.000000000,0.000000000,-0.020807570,0.999783499,2,2,0,0,0,-1,61.5357005245173,18.9020495369077,62.5284332861262,18.6557429561204,8.44526687797436,1.02283198410624
158,36.0831725,140.0771013,0,91.865020,28012.853793,44625.378450,-221.934009,0.000000000,0.000000000,-0.016274651,0.999867559,2,2,0,0,0,-1,65.2782226593542,18.7462022495578,66.5354233372147,18.3059653542822,8.72999564511721,1.33205182645976
159,36.0831713,140.0771469,0,93.469502,28016.961300,44625.258306,-221.951187,0.000000000,0.000000000,-0.030272491,0.999541683,2,2,0,0,0,-1,69.3806026961972,18.6126188606268,70.6273358209239,17.9784008291623,9.09352166730264,1.39877660679807
160,36.0831691,140.0771918,0,91.145964,28021.006116,44625.027007,-221.967312,0.000000000,0.000000000,-0.010000256,0.999949996,2,2,0,0,0,-1,73.4200075969928,18.3677159811835,74.6951529627125,17.6279477066159,9.53295274648101,1.47419564636895
161,36.0831684,140.0772351,0,97.412771,28024.906291,44624.961690,-221.983970,0.000000000,0.000000000,-0.064643524,0.997908420,2,2,0,0,0,-1,77.3154693421,18.2897923375086,78.7620282071093,17.3303926449976,9.83719442133723,1.73579385870761
162,36.0831637,140.0772798,0,89.999998,28028.933981,44624.452944,-221.998077,0.000000000,0.000000000,0.000000017,1.000000000,2,2,0,0,0,-1,81.3368813490739,17.7665907309938,82.7514703961812,16.6390486669699,10.2139022420296,1.80898128192056
163,36.0831637,140.0772853,0,87.975223,28029.429353,44624.454514,-222.000263,0.000000000,0.000000000,0.017668593,0.999843898,2,2,1,0,0,-1,81.8316859598574,17.7665907309938,83.1338973424397,16.5703452609284,10.2164026106649,1.76826403842264
164,36.0831648,140.0773238,0,69.212424,28032.896565,44624.587553,-222.016418,0.000000000,0.000000000,0.180412506,0.983591037,2,2,0,0,0,-1,85.2953182251144,17.8890421707154,86.8069887110217,16.5036578008176,10.4985469512822,2.05047250903795
165,36.0831779,140.0773665,0,63.611894,28036.737800,44626.053279,-222.043572,0.000000000,0.000000000,0.228249817,0.973602599,2,2,0,0,0,-1,89.1368012836423,19.3473274997476,90.7042037782056,17.7539932436214,10.8338406090326,2.23505360824039
166,36.0831945,140.0774079,0,74.930815,28040.460703,44627.906987,-222.072932,0.000000000,0.000000000,0.131124756,0.991365875,2,2,0,0,0,-1,92.8613305272143,21.1952310471544,94.3128513694195,19.5345756431067,11.3075967453646,2.20560402755089
167,36.0832039,140.0774511,0,67.019311,28044.348284,44628.962318,-222.097414,0.000000000,0.000000000,0.199202794,0.979958288,2,2,0,0,0,-1,96.7477958228537,22.241634260975,98.1459961198271,20.7858625745929,12.0639587233372,2.01847350077433
168,36.0832185,140.0774937,0,94.279480,28048.179975,44630.594456,-222.125702,0.000000000,0.000000000,-0.037336828,0.999302738,2,2,0,0,0,-1,100.580282434471,23.8668988265664,101.932370732517,22.2249778742549,12.4349223481625,2.12698076609851
169,36.0832157,140.07754,0,81.265194,28052.351097,44630.296997,-222.141937,0.000000000,0.000000000,0.076151768,0.997096238,2,2,0,0,0,-1,104.745637602247,23.5552042518666,106.007166066547,21.9527225811402,13.0422774535619,2.03946109824446
170,36.0832213,140.0775851,0,99.154304,28056.411153,44630.931238,-222.164228,0.000000000,0.000000000,-0.079801430,0.996810780,2,2,0,0,0,-1,108.803035399421,24.1785934004752,109.90869181747,22.8846973310808,13.927443343969,1.70195274704321
171,36.0832157,140.0776281,0,87.902511,28060.286047,44630.322160,-222.176979,0.000000000,0.000000000,0.018303022,0.999832486,2,2,0,0,0,-1,112.671507801239,23.5552042518666,113.914765819288,22.3940051947685,14.5644208079571,1.70119773972605
172,36.0832171,140.0776754,0,86.964422,28064.545744,44630.491013,-222.196885,0.000000000,0.000000000,0.026487317,0.999649149,2,2,0,0,0,-1,116.926827443238,23.7110515392165,118.014761623129,22.5020338183155,15.1103737180041,1.62644539694035
173,36.083218,140.0776964,0,90.267524,28066.436842,44630.596874,-222.205940,0.000000000,0.000000000,-0.002334585,0.999997275,2,2,1,0,0,-1,118.816081407035,23.8112390805193,119.650453556666,22.6451311081495,15.4321166363252,1.43387052668804
174,36.0832179,140.0777229,0,93.341863,28068.823667,44630.593350,-222.216407,0.000000000,0.000000000,-0.029159123,0.999574782,2,2,0,0,0,-1,121.200139979059,23.8001071321009,122.081960697845,22.5065402006637,15.6254070364274,1.56554245748496
175,36.0832158,140.0777674,0,107.226291,28072.832419,44630.373057,-222.232483,0.000000000,0.000000000,-0.149762192,0.988722047,2,2,0,0,0,-1,125.203559092211,23.5663362010761,126.135549362081,22.3853455371169,16.2748632021903,1.50444169428092
176,36.0832049,140.0778109,0,93.669932,28076.754232,44629.176055,-222.241323,0.000000000,0.000000000,-0.032020724,0.999487205,2,2,0,0,0,-1,129.11701373114,22.3529537514872,129.984952660574,21.0914508787489,16.7105035574695,1.53124376999687
177,36.0832025,140.0778572,0,92.351421,28080.925213,44628.922992,-222.257888,0.000000000,0.000000000,-0.020518579,0.999789472,2,2,0,0,0,-1,133.28236889636,22.0857869736251,134.010596337952,20.8950805332214,17.3534364105119,1.3957424668995
178,36.083201,140.0779024,0,85.910711,28084.996800,44628.769479,-222.274717,0.000000000,0.000000000,0.035678205,0.999363330,2,2,0,0,0,-1,137.348763143002,21.9188077370658,138.017973618795,20.7034920697752,17.8846063884503,1.38738416888511
179,36.0832036,140.0779474,0,88.209503,28089.048915,44629.070834,-222.294657,0.000000000,0.000000000,0.015624398,0.999877932,2,2,0,0,0,-1,141.397164493265,22.2082384133467,142.069812873905,21.13093808545,18.580079870282,1.2700519046339
180,36.0832048,140.0779949,0,92.084254,28093.326696,44629.217567,-222.314506,0.000000000,0.000000000,-0.018187545,0.999834593,2,2,0,0,0,-1,145.670477029086,22.3418218022778,146.11800474777,21.196520862281,19.1115074679071,1.22963218164942
181,36.0832035,140.0780391,0,92.706372,28097.308144,44629.085964,-222.331101,0.000000000,0.000000000,-0.023615356,0.999721119,2,2,0,0,0,-1,149.646906798949,22.1971064641373,150.182720726728,20.9403439490893,19.5351474663852,1.36621688777132
182,36.0832018,140.0780836,0,95.924922,28101.316755,44628.910066,-222.347506,0.000000000,0.000000000,-0.051681664,0.998663610,2,2,0,0,0,-1,153.650325912101,22.0078633299501,154.187304878527,20.7338025914252,20.0615858165969,1.382597980555
183,36.0831979,140.0781301,0,96.273109,28105.506284,44628.490636,-222.363001,0.000000000,0.000000000,-0.054715865,0.998501965,2,2,0,0,0,-1,157.833673973699,21.5737173163197,158.226566701406,20.2924481724054,20.6263250929977,1.34015495918651
184,36.083194,140.078174,0,98.976414,28109.461638,44628.070464,-222.377462,0.000000000,0.000000000,-0.078253902,0.996933462,2,2,0,0,0,-1,161.783114402829,21.1395713018983,162.264077890317,19.8884788736327,21.1854340952267,1.3403574673795
185,36.0831886,140.0782163,0,100.719796,28113.273418,44627.483401,-222.390122,0.000000000,0.000000000,-0.093411485,0.995627588,2,2,0,0,0,-1,165.588611671156,20.5384460517086,166.216459047372,19.2198536143497,21.625171006614,1.46043772331483
186,36.0831817,140.0782614,0,89.840670,28117.337922,44626.730704,-222.402735,0.000000000,0.000000000,0.001390416,0.999999033,2,2,0,0,0,-1,169.646009470887,19.7703415649595,170.162734235474,18.3965616683915,22.1188037365089,1.46774510271785
187,36.0831818,140.0783059,0,93.726111,28121.345893,44626.754538,-222.420552,0.000000000,0.000000000,-0.032510723,0.999471387,2,2,0,0,0,-1,173.649428584039,19.781473514169,174.169209566306,18.3539884467697,22.6138208268844,1.51917276409727
188,36.0831794,140.0783515,0,79.071528,28125.453829,44626.501296,-222.436867,0.000000000,0.000000000,0.095224408,0.995455831,2,2,0,0,0,-1,177.751808618325,19.5143067363069,178.230756362047,18.0840805080333,23.1709628942053,1.50828976170307
189,36.0831865,140.078397,0,85.697830,28129.549375,44627.302121,-222.460530,0.000000000,0.000000000,0.037534697,0.999295325,2,2,0,0,0,-1,181.8451922057,20.3046751206837,182.317893856711,18.7614861182663,23.6293033417899,1.61396380010554
190,36.0831894,140.0784447,0,96.949076,28133.844564,44627.637557,-222.481808,0.000000000,0.000000000,-0.060604967,0.998161830,2,2,0,0,0,-1,186.1364976379,20.627501643802,186.508345536228,18.9804643904139,24.1204808640803,1.68849121215917
191,36.0831848,140.0784914,0,94.630946,28138.052358,44627.140530,-222.496860,0.000000000,0.000000000,-0.040401628,0.999183521,2,2,0,0,0,-1,190.33783859332,20.1154319864966,190.523209573174,18.3992901293776,24.6255664864883,1.72612435065602
192,36.0831819,140.0785357,0,96.309778,28142.043385,44626.831445,-222.512278,0.000000000,0.000000000,-0.055035380,0.998484405,2,2,0,0,0,-1,194.32326481265,19.7926054633784,194.597119926945,17.9697520239184,25.0582141399616,1.84330987231584
193,36.0831798,140.0785592,0,99.660336,28144.160721,44626.605167,-222.520022,0.000000000,0.000000000,-0.084202516,0.996448662,2,2,1,0,0,-1,196.437429962005,19.5588345323535,196.748631111296,17.8786838669022,25.486955890128,1.70872830313559
194,36.0831772,140.0785781,0,92.724713,28145.863925,44626.322094,-222.525542,0.000000000,0.000000000,-0.023775366,0.999717326,2,2,0,0,0,-1,198.137758527888,19.2694038568636,198.582418042206,17.4715508680623,25.5968948049303,1.8520252301239
195,36.0831755,140.0786223,0,89.242591,28149.845518,44626.146132,-222.541859,0.000000000,0.000000000,0.006609592,0.999978156,2,2,0,0,0,-1,202.114188300308,19.0801607218855,202.640918112489,17.3979951988957,26.2554223066059,1.76270392913147
196,36.083176,140.0786691,0,99.346578,28154.060502,44626.215023,-222.560925,0.000000000,0.000000000,-0.081473872,0.996675478,2,2,0,0,0,-1,206.324525702638,19.1358204679325,206.660018588778,17.5351775459599,26.9171846121023,1.63542448321874
197,36.0831704,140.0787112,0,95.264633,28157.854343,44625.605729,-222.573377,0.000000000,0.000000000,-0.045926430,0.998944825,2,2,0,0,0,-1,210.112030077144,18.512431319324,210.615132973095,16.8854724586455,27.4030236344295,1.70297024585139
198,36.0831669,140.0787582,0,95.967276,28162.088768,44625.230853,-222.589420,0.000000000,0.000000000,-0.052050775,0.998644440,2,2,0,0,0,-1,214.340360375853,18.1228131009493,214.637045055197,16.5070162095696,27.9915899089848,1.64280899472512
199,36.0831632,140.078802,0,94.620559,28166.035048,44624.832869,-222.604032,0.000000000,0.000000000,-0.040311058,0.999187179,2,2,0,0,0,-1,218.280804358072,17.7109309857377,218.641927531334,16.133406281951,28.5666334381676,1.6183306637779
200,36.0831603,140.0788464,0,85.725606,28170.035083,44624.523825,-222.619508,0.000000000,0.000000000,0.037292475,0.999304394,2,2,0,0,0,-1,222.275227024313,17.3881044618285,222.645752634426,15.8013341023462,29.1030151716625,1.62945678110258
201,36.083163,140.0788911,0,92.459085,28174.060141,44624.836229,-222.639460,0.000000000,0.000000000,-0.021457918,0.999769752,2,2,0,0,0,-1,226.296639031287,17.6886670873188,226.736347434826,16.0847840783367,29.6412763277399,1.66306469707106
202,36.0831614,140.0789372,0,101.359016,28178.212827,44624.671921,-222.656631,0.000000000,0.000000000,-0.098963859,0.995091028,2,2,0,0,0,-1,230.444001302685,17.5105559023411,230.76365990573,15.9642673761597,30.266494211163,1.57898379621235
203,36.0831545,140.0789797,0,95.341072,28182.043162,44623.918508,-222.668246,0.000000000,0.000000000,-0.046592772,0.998913967,2,2,0,0,0,-1,234.267491467391,16.742451415592,234.776010189158,15.1825945152272,30.7735546397203,1.64065378431992
204,36.0831511,140.0790247,0,98.569258,28186.097418,44623.554164,-222.683584,0.000000000,0.000000000,-0.074711205,0.997205213,2,2,0,0,0,-1,238.315892817654,16.3639651464267,238.803177234054,14.8139210303889,31.3367139190731,1.62483318040026
205,36.0831459,140.0790674,0,93.177967,28189.945160,44622.989440,-222.696606,0.000000000,0.000000000,-0.027729439,0.999615465,2,2,0,0,0,-1,242.157375876182,15.7851037946558,242.820598466855,14.2089509149491,31.8385096490614,1.71000646343407
206,36.0831438,140.0791142,0,97.053763,28194.161074,44622.769861,-222.713678,0.000000000,0.000000000,-0.061516828,0.998106046,2,2,0,0,0,-1,246.36771328107,15.551332863631,246.877345731069,14.0960088387967,32.5332380838721,1.54197705928211
207,36.0831396,140.0791562,0,97.640041,28197.945413,44622.315896,-222.727202,0.000000000,0.000000000,-0.066622552,0.997778250,2,2,0,0,0,-1,250.146221208664,15.0837910023723,250.861594328842,13.5843888673915,33.0114964030993,1.66131437827354
208,36.0831347,140.0792014,0,96.992232,28202.018219,44621.785182,-222.741464,0.000000000,0.000000000,-0.060980877,0.998138935,2,2,0,0,0,-1,254.21261545275,14.5383254974387,254.929035746876,13.1028689474167,33.6320697515311,1.60430469201995
209,36.0831302,140.0792468,0,92.636127,28206.108896,44621.298909,-222.756120,0.000000000,0.000000000,-0.023002519,0.999735407,2,2,0,0,0,-1,258.297002593214,14.0373877893428,259.016033976407,12.7164837685844,34.3062104629278,1.50392604940298
210,36.0831286,140.0792898,0,91.728640,28209.982375,44621.133726,-222.772072,0.000000000,0.000000000,-0.015084658,0.999886220,2,2,0,0,0,-1,262.165474995031,13.859276603574,263.012207297748,12.5018127189757,34.8061324875925,1.59989493106666
211,36.0831275,140.0793349,0,91.981243,28214.044818,44621.024626,-222.789255,0.000000000,0.000000000,-0.017288745,0.999850538,2,2,0,0,0,-1,266.222872792206,13.7368251638524,267.037817341189,12.4613653080528,35.4446018991473,1.51358265769455
212,36.0831262,140.0793814,0,94.220099,28218.233427,44620.893738,-222.806845,0.000000000,0.000000000,-0.036818987,0.999321951,2,2,0,0,0,-1,270.406220853804,13.5921098257119,271.108271615377,12.3335216291886,36.0320025185149,1.44115215027867
213,36.0831236,140.079425,0,104.999874,28222.161305,44620.617775,-222.822268,0.000000000,0.000000000,-0.130525102,0.991445005,2,2,0,0,0,-1,274.328671939644,13.302679150222,275.119412473401,12.139407899516,36.6694634431192,1.40658117236303
214,36.0831147,140.0794661,0,118.762809,28225.866265,44619.642064,-222.831796,0.000000000,0.000000000,-0.248375518,0.968663823,2,2,0,0,0,-1,278.026211839926,12.3119356816575,279.073006163303,11.1179500910463,37.1571520050803,1.58788536930156
215,36.083097,140.079506,0,129.478829,28229.466291,44617.689587,-222.834007,0.000000000,0.000000000,-0.337742828,0.941238430,2,2,0,0,0,-1,281.615794369607,10.341580694529,282.663058615505,9.29061555194332,37.7908885404837,1.48367453697462
216,36.0830741,140.0795404,0,149.801453,28232.572806,44615.158552,-222.829978,0.000000000,0.000000000,-0.498498732,0.866890428,2,2,0,0,0,-1,284.710572291061,7.79236435562964,285.889525419322,6.80897279650253,38.2925197437401,1.53524898215235
217,36.0830423,140.0795633,0,175.990996,28234.646726,44611.636694,-222.814432,0.000000000,0.000000000,-0.681940892,0.731407287,2,2,0,0,0,-1,286.770758756393,4.25240454816579,288.043536132813,3.35838111911942,38.6785409388045,1.55539067169949
218,36.0830054,140.0795665,0,177.961546,28234.948137,44607.543291,-222.787040,0.000000000,0.000000000,-0.694416939,0.719572869,2,2,0,0,0,-1,287.058645075441,0.144715338140468,288.354287187079,-0.719084742178707,38.7655964949358,1.55718947472988
219,36.0829668,140.0795682,0,188.448247,28235.115053,44603.260830,-222.757730,0.000000000,0.000000000,-0.757270101,0.653101825,2,2,0,0,0,-1,287.211584680597,-4.15221700607202,288.484148879576,-4.79651018540889,39.0267253883835,1.42637068865819
220,36.0829298,140.0795614,0,185.287962,28234.515821,44599.153458,-222.726264,0.000000000,0.000000000,-0.738972726,0.673735341,2,2,0,0,0,-1,286.599826254858,-8.27103816609773,288.173116340733,-8.8895482530559,39.0403851063808,1.69050182548928
221,36.082894,140.0795573,0,184.783699,28234.159343,44595.180010,-222.696813,0.000000000,0.000000000,-0.736000792,0.676980675,2,2,0,0,0,-1,286.230971911055,-12.2562759364014,287.611354925209,-12.893785286589,38.9844543813094,1.5204852637704
222,36.0828602,140.0795538,0,179.135714,28233.856190,44591.428649,-222.669158,0.000000000,0.000000000,-0.701753495,0.712419843,2,2,0,0,0,-1,285.916096248717,-16.0188747248897,287.389974533973,-16.8922168375388,38.7685646475401,1.71319690796967
223,36.0828227,140.0795545,0,189.824958,28233.932646,44587.267954,-222.640313,0.000000000,0.000000000,-0.765061673,0.643957015,2,2,0,0,0,-1,285.979071382208,-20.1933556293806,287.448478585428,-20.9797869042573,38.9214725545738,1.66662283645073
224,36.0827863,140.0795467,0,185.625623,28233.243130,44583.226868,-222.608922,0.000000000,0.000000000,-0.740954776,0.671554927,2,2,0,0,0,-1,285.277348479688,-24.2453850949407,286.756216544215,-24.9716772745686,38.9520275523477,1.64758947631586
225,36.0827502,140.0795423,0,189.156851,28232.859737,44579.220047,-222.579128,0.000000000,0.000000000,-0.761294207,0.648406609,2,2,0,0,0,-1,284.881504792596,-28.2640187120817,286.326292289255,-29.0571541641743,38.898545238078,1.64817315712558
226,36.0827136,140.079535,0,184.213527,28232.215325,44575.156914,-222.547788,0.000000000,0.000000000,-0.732623250,0.680634391,2,2,0,0,0,-1,284.224764129745,-32.3383120752698,285.799761249392,-33.0532760285929,38.9959485362218,1.72967898219551
227,36.0826774,140.0795317,0,184.063908,28231.931042,44571.139313,-222.518362,0.000000000,0.000000000,-0.731733940,0.681590376,2,2,0,0,0,-1,283.927881363786,-36.3680776416201,285.675567225717,-37.0675713308107,39.102214693809,1.88247106039092
228,36.082641,140.0795285,0,185.014520,28231.655838,44567.099550,-222.488823,0.000000000,0.000000000,-0.737362936,0.675496781,2,2,0,0,0,-1,283.639995044738,-40.4201071071803,285.365232947448,-41.1037853825719,39.1736873846422,1.85576447998956
229,36.082606,140.0795247,0,188.686321,28231.326091,44563.214955,-222.460133,0.000000000,0.000000000,-0.758625342,0.651527122,2,2,0,0,0,-1,283.298130044225,-44.3162892845997,285.208463482576,-45.2036464423004,39.0854589312933,2.10636572584283
230,36.0825695,140.0795178,0,181.003793,28230.717669,44559.163032,-222.429041,0.000000000,0.000000000,-0.713273649,0.700885655,2,2,0,0,0,-1,282.677375169018,-48.3794506985783,284.732612191372,-49.2484173509203,39.1808191458036,2.23139020813009
231,36.0825326,140.079517,0,186.300992,28230.658806,44555.068480,-222.400082,0.000000000,0.000000000,-0.744899832,0.667176318,2,2,0,0,0,-1,282.605403588617,-52.4871399086036,284.554114544733,-53.2817199658455,39.3403236128368,2.10447899914757
232,36.0824982,140.0795123,0,181.939402,28230.247782,44551.250200,-222.371505,0.000000000,0.000000000,-0.718972352,0.695038673,2,2,0,0,0,-1,282.182570560791,-56.3165303923484,284.071600918241,-57.2627731999046,39.2481214843133,2.11277332958833
233,36.0824624,140.0795108,0,180.266117,28230.125478,44547.277500,-222.343124,0.000000000,0.000000000,-0.708746993,0.705462756,2,2,0,0,0,-1,282.0476238469,-60.3017681626521,284.016604045386,-61.2943356989687,39.3517761091183,2.20501096055754
234,36.0824276,140.0795106,0,188.155494,28230.119905,44543.416130,-222.316043,0.000000000,0.000000000,-0.755599119,0.655034329,2,2,0,0,0,-1,282.029630953078,-64.1756864424436,283.913906513216,-65.4342612271153,39.2138291072099,2.26594458783633
235,36.0823932,140.0795045,0,181.657836,28229.582784,44539.597448,-222.286913,0.000000000,0.000000000,-0.717262386,0.696803179,2,2,0,0,0,-1,281.480847658272,-68.0050769253974,283.390914520647,-69.6019230892989,38.9828946485029,2.48963312355626
236,36.0823569,140.0795032,0,182.541083,28229.478672,44535.569327,-222.258232,0.000000000,0.000000000,-0.722611835,0.691254032,2,2,0,0,0,-1,281.363893843316,-72.0459744409572,283.28779734946,-73.6118457355408,39.1674093303455,2.48059622110347
237,36.0823223,140.0795013,0,214.406913,28229.319910,44531.729660,-222.230632,0.000000000,0.000000000,-0.884609109,0.466333275,2,2,0,0,0,-1,281.192961341781,-75.8976288223298,283.045956363011,-77.6668256912266,39.0950363969884,2.56196176974153
238,36.0822928,140.0794763,0,183.962657,28227.078741,44528.449238,-222.197746,0.000000000,0.000000000,-0.731131414,0.682236657,2,2,0,0,0,-1,278.943849478535,-79.181553801141,280.657700012883,-80.914833846758,38.926973699585,2.43752812714444
239,36.0822858,140.0794757,0,183.783072,28227.027202,44527.672365,-222.192077,0.000000000,0.000000000,-0.730061332,0.683381629,2,2,1,0,0,-1,278.889870794513,-79.9607902363084,280.597439325475,-81.7674673369045,38.8852299961404,2.48593492146313
240,36.0822638,140.0794739,0,189.492503,28226.872943,44525.230788,-222.174293,0.000000000,0.000000000,-0.763190196,0.646173912,2,2,0,0,0,-1,278.727934739888,-82.409819033905,280.388665039355,-85.021513287645,38.2218949053276,3.0949914382087
241,36.0822406,140.0794691,0,223.191592,28226.448906,44522.655201,-222.154380,0.000000000,0.000000000,-0.917725483,0.397215229,2,2,1,0,0,-1,278.296105262595,-84.9924312204327,280.308142321992,-88.5137718336837,37.6165806211712,4.05562977143126
242,36.0822307,140.0794576,0,182.966799,28225.416655,44521.553420,-222.142101,0.000000000,0.000000000,-0.725174901,0.688564712,2,2,0,0,0,-1,277.261513806474,-86.0944941795093,280.3397117039,-89.0526178714072,38.52134257821,4.26916831154334
243,36.0821808,140.0794544,0,181.530377,28225.146270,44516.015734,-222.102126,0.000000000,0.000000000,-0.716486895,0.697600551,2,2,0,0,0,-1,276.973627489983,-91.6493367701484,280.205624272461,-93.1194861418287,40.1805334388926,3.55065379571182
244,36.0821445,140.0794532,0,185.885456,28225.051162,44511.987641,-222.073500,0.000000000,0.000000000,-0.742475601,0.669873108,2,2,0,0,0,-1,276.865670119381,-95.6902342857082,279.928782392146,-97.1344807778361,40.334640693653,3.38651808286724
245,36.0821053,140.0794482,0,184.180953,28224.614829,44507.636681,-222.041108,0.000000000,0.000000000,-0.732429742,0.680842620,2,2,0,0,0,-1,276.415847748266,-100.053958325177,279.219479730396,-101.086075414368,40.7648235126187,2.98757727548924
246,36.0820655,140.0794446,0,182.969618,28224.304806,44503.219548,-222.008814,0.000000000,0.000000000,-0.725191840,0.688546872,2,2,0,0,0,-1,276.091975639017,-104.484474058321,278.911500376064,-105.229300923774,41.236630390971,2.91624532615456
247,36.0820359,140.0794427,0,166.997887,28224.144255,44499.934668,-221.985109,0.000000000,0.000000000,-0.622500206,0.782619636,2,2,1,0,0,-1,275.921043137482,-107.77953098555,278.643154772285,-108.152055427678,41.6851844942422,2.74748361456696
248,36.0820352,140.0794429,0,100.791290,28224.162518,44499.857056,-221.984647,0.000000000,0.000000000,-0.094032641,0.995569115,2,2,0,0,0,-1,275.939036033861,-107.857454629225,278.655857606705,-108.10845770278,41.7958343661368,2.72839183432382
249,36.0820291,140.0794825,0,103.899798,28227.731426,44499.191595,-221.995765,0.000000000,0.000000000,-0.121001387,0.992652338,2,2,1,0,0,1,279.501629220252,-108.53650352309,282.430923933407,-108.741146602981,42.4231301366361,2.93643428441084
250,36.0820284,140.079486,0,104.265252,28228.046917,44499.114931,-221.996623,0.000000000,0.000000000,-0.124166521,0.992261394,2,2,0,0,0,-1,279.816504882589,-108.614427166765,282.661924368941,-108.741702034832,42.4943822733406,2.84826454974808
251,36.0820194,140.0795298,0,99.287206,28231.995152,44498.128903,-222.007176,0.000000000,0.000000000,-0.080957466,0.996717557,2,2,0,0,0,-1,283.756948862251,-109.616302583748,286.598827179924,-109.494303583736,43.2622135572652,2.84449575996639
252,36.0820134,140.0795752,0,92.562573,28236.086424,44497.476209,-222.020698,0.000000000,0.000000000,-0.022360804,0.999749966,2,2,0,0,0,-1,287.841336002715,-110.284219528403,290.673768892042,-110.25790167718,43.7235427117839,2.83255515424359
253,36.0820117,140.0796222,0,100.089503,28240.320270,44497.301093,-222.038196,0.000000000,0.000000000,-0.087933805,0.996126320,2,2,0,0,0,-1,292.069666301425,-110.473462663381,294.770622840082,-110.211236665936,44.4124182016687,2.7136559651977
254,36.0820052,140.0796674,0,105.472788,28244.393709,44496.592866,-222.051256,0.000000000,0.000000000,-0.134615626,0.990897892,2,2,0,0,0,-1,296.136060548067,-111.197039353293,298.768034563645,-110.7933776213,45.0588347584165,2.66274858230234
255,36.0819952,140.0797121,0,112.607701,28248.423366,44495.496147,-222.061405,0.000000000,0.000000000,-0.196012045,0.980601488,2,2,0,0,0,-1,300.157472555041,-112.310234260788,302.632741128559,-111.87940604366,45.5804093332268,2.51248233102672
256,36.0819812,140.0797537,0,112.607701,28252.175241,44493.954710,-222.067215,0.000000000,0.000000000,-0.196012045,0.980601488,2,2,0,0,0,-1,303.899994692435,-113.868707131914,306.368683094725,-113.427091578725,46.1450637391767,2.50787693566103
