label,latitude,longitude,altitude,heading_deg,right_is_open,left_is_open,line_is_stop,signal_is_stop,isnot_skipnum
0,36.082895487925924,140.07682257737022,,274.79383589348595,2.0,2.0,0,0,1
1,36.08289695861808,140.07680096599407,,274.7938358934855,2.0,2.0,0,0,1
2,36.08289842930635,140.07677935461706,,274.79383589348595,2.0,2.0,0,0,1
3,36.082899899990714,140.07675774323926,,274.79383589348595,2.0,2.0,0,0,1
4,36.08290137067118,140.07673613186066,,274.79383589348555,2.0,2.0,0,0,1
5,36.082902841347746,140.07671452048126,,274.7938358934859,2.0,2.0,0,0,1
6,36.082904312020425,140.07669290910104,,274.79383589348595,2.0,2.0,0,0,1
7,36.082905782689195,140.07667129772003,,274.79383589348595,2.0,2.0,0,0,1
8,36.08290725335408,140.07664968633821,,274.7938358934855,2.0,2.0,0,0,1
9,36.08290872401505,140.07662807495558,,274.7938358934859,2.0,2.0,0,0,1
10,36.08291019467214,140.07660646357215,,274.79383589348606,2.0,2.0,0,0,1
11,36.08291166532533,140.07658485218792,,274.7938358934855,2.0,2.0,0,0,1
12,36.082913135974614,140.0765632408029,,274.79383589348606,2.0,2.0,0,0,1
13,36.08291460662,140.07654162941705,,274.7938358934859,2.0,2.0,0,0,1
14,36.082916077261494,140.0765200180304,,274.7938358934855,2.0,2.0,0,0,1
15,36.0829175478991,140.07649840664297,,274.79383589348606,2.0,2.0,0,0,1
16,36.08291901853279,140.0764767952547,,274.7938358934859,2.0,2.0,0,0,1
17,36.082920489162596,140.07645518386565,,274.7938358934859,2.0,2.0,0,0,1
18,36.0829219597885,140.0764335724758,,274.7938358934856,2.0,2.0,0,0,1
19,36.08292343041051,140.07641196108509,,274.7938358934859,2.0,2.0,0,0,1
20,36.08292490102861,140.07639034969364,,274.7938358934859,2.0,2.0,0,0,1
21,36.08292637164283,140.07636873830137,,274.7938358934856,2.0,2.0,0,0,1
22,36.08292784225314,140.07634712690827,,274.7938358934859,2.0,2.0,0,0,1
23,36.082929312859555,140.07632551551438,,1.9784199832933211,2.0,2.0,0,0,1
24,36.08294656220901,140.07632624888365,,1.9784199832916016,2.0,2.0,0,0,1
25,36.0829638115584,140.0763269822532,,1.9784199832916016,2.0,2.0,0,0,1
26,36.082981060907734,140.07632771562305,,1.9784199832933211,2.0,2.0,0,0,1
27,36.082998310257025,140.07632844899322,,1.9784199832933211,2.0,2.0,0,0,1
28,36.08301555960626,140.07632918236374,,1.9784199832916016,2.0,2.0,0,0,1
29,36.08303280895543,140.07632991573456,,1.9784199832916016,2.0,2.0,0,0,1
30,36.08305005830456,140.07633064910573,,1.9784199832933211,2.0,2.0,0,0,1
31,36.08306730765363,140.0763313824772,,1.9784199832933211,2.0,2.0,0,0,1
32,36.08308455700264,140.076332115849,,1.9784199832916016,2.0,2.0,0,0,1
33,36.08310180635161,140.0763328492211,,274.7938240806002,2.0,2.0,0,0,1
34,36.08310319675974,140.07631241625563,,274.7938240806002,2.0,2.0,0,0,1
35,36.08310458716438,140.07629198328945,,274.7938240806003,2.0,2.0,0,0,1
36,36.083105977565545,140.07627155032256,,274.79382408059973,2.0,2.0,0,0,1
37,36.08310736796323,140.07625111735493,,274.7938240806002,2.0,2.0,0,0,1
38,36.083108758357426,140.0762306843866,,274.7938240806003,2.0,2.0,0,0,1
39,36.08311014874813,140.0762102514175,,274.7938240806002,2.0,2.0,0,0,1
40,36.083111539135366,140.07618981844774,,274.7938240806002,2.0,2.0,0,0,1
41,36.0831129295191,140.07616938547724,,305.08056430005104,2.0,2.0,0,0,1
42,36.083122283891065,140.07615297527857,,305.0805643000514,2.0,2.0,0,0,1
43,36.08313163826076,140.076136565076,,305.08056430005,2.0,2.0,0,0,1
44,36.08314099262819,140.07612015486956,,305.08056430005104,2.0,2.0,0,0,1
45,36.08315034699337,140.07610374465924,,305.0805643000514,2.0,2.0,0,0,1
46,36.08315970135627,140.076087334445,,305.08056430005104,2.0,2.0,0,0,1
47,36.08316905571692,140.07607092422688,,291.8866797622208,2.0,2.0,0,0,1
48,36.08317541752825,140.07605141287456,,291.886679762221,2.0,2.0,0,0,1
49,36.08318177933641,140.07603190151914,,291.88667976222143,2.0,2.0,0,0,1
50,36.08318814114138,140.07601239016054,,291.8866797622208,2.0,2.0,0,0,1
51,36.08319450294316,140.07599287879884,,291.886679762221,2.0,2.0,0,0,1
52,36.08320086474175,140.07597336743396,,291.8866797622208,2.0,2.0,0,0,1
53,36.08320722653716,140.07595385606595,,262.3664980456753,2.0,2.0,0,0,1
54,36.08320486125529,140.07593212031415,,262.3664980456753,2.0,2.0,0,0,1
55,36.08320249596947,140.07591038456368,,262.3664980456751,2.0,2.0,0,0,1
56,36.08320013067973,140.07588864881453,,262.3664980456753,2.0,2.0,0,0,1
57,36.083197765386025,140.07586691306668,,262.3664980456753,2.0,2.0,0,0,1
58,36.08319540008838,140.0758451773201,,309.6398464877247,2.0,2.0,0,0,1
59,36.08320456524821,140.07583154706597,,309.63984648772623,2.0,2.0,0,0,1
60,36.08321373040647,140.0758179168087,,309.6398464877247,2.0,2.0,0,0,1
61,36.08322289556318,140.07580428654825,,4.685688042336906,2.0,2.0,0,0,1
62,36.08324047062722,140.0758060603648,,4.685688042335272,2.0,2.0,0,0,1
63,36.08325804569119,140.07580783418214,,4.685688042336906,2.0,2.0,0,0,1
64,36.08327562075508,140.0758096080003,,4.685688042335272,2.0,2.0,0,0,1
65,36.08329319581889,140.07581138181925,,4.685688042336906,2.0,2.0,0,0,1
66,36.083310770882626,140.07581315563897,,4.685688042335272,2.0,2.0,0,0,1
67,36.08332834594629,140.07581492945948,,4.685688042336906,2.0,2.0,0,0,1
68,36.083345921009865,140.07581670328076,,4.685688042335258,2.0,2.0,0,0,1
69,36.08336349607336,140.07581847710287,,4.685688042336935,2.0,2.0,0,0,1
70,36.083381071136785,140.07582025092577,,4.685688042336935,2.0,2.0,0,0,1
71,36.08339864620013,140.07582202474944,,4.685688042335258,2.0,2.0,0,0,1
72,36.0834162212634,140.07582379857388,,4.685688042336906,2.0,2.0,0,0,1
73,36.08343379632659,140.07582557239914,,4.685688042335258,2.0,2.0,0,0,1
74,36.08345137138969,140.0758273462252,,4.685688042336935,2.0,2.0,0,0,1
75,36.08346894645273,140.075829120052,,4.685688042335272,2.0,2.0,0,0,1
76,36.08348652151569,140.07583089387964,,4.685688042336906,2.0,2.0,0,0,1
77,36.083504096578565,140.07583266770803,,4.685688042335258,2.0,2.0,0,0,1
78,36.08352167164137,140.07583444153724,,4.685688042336935,2.0,2.0,0,0,1
79,36.083539246704085,140.07583621536722,,4.685688042336935,2.0,2.0,0,0,1
80,36.08355682176674,140.07583798919802,,4.685688042335258,2.0,2.0,0,0,1
81,36.083574396829306,140.0758397630296,,4.685688042336906,2.0,2.0,0,0,1
82,36.0835919718918,140.07584153686193,,4.685688042335272,2.0,2.0,0,0,1
83,36.0836095469542,140.0758433106951,,4.685688042336906,2.0,2.0,0,0,1
84,36.08362712201654,140.07584508452902,,4.685688042335272,2.0,2.0,0,0,1
85,36.083644697078796,140.07584685836375,,4.685688042336906,2.0,2.0,0,0,1
86,36.08366227214097,140.07584863219927,,4.685688042335258,2.0,2.0,0,0,1
87,36.08367984720307,140.07585040603558,,4.685688042336935,2.0,2.0,0,0,1
88,36.0836974222651,140.07585217987267,,4.685688042336906,2.0,2.0,0,0,1
89,36.08371499732704,140.07585395371055,,4.685688042335272,2.0,2.0,0,0,1
90,36.083732572388904,140.07585572754923,,4.685688042336935,2.0,2.0,0,0,1
91,36.083750147450694,140.0758575013887,,4.685688042335244,2.0,2.0,0,0,1
92,36.083767722512405,140.07585927522894,,4.685688042336935,2.0,2.0,0,0,1
93,36.08378529757404,140.07586104907,,4.6856880423353005,2.0,2.0,0,0,1
94,36.0838028726356,140.07586282291183,,4.685688042336878,2.0,2.0,0,0,1
95,36.08382044769708,140.07586459675446,,4.6856880423353005,2.0,2.0,0,0,1
96,36.083838022758464,140.07586637059785,,4.685688042336906,2.0,2.0,0,0,1
97,36.083855597819785,140.07586814444204,,94.7937790783893,2.0,2.0,0,0,1
98,36.08385413859268,140.07588959033262,,94.79377907838939,2.0,2.0,0,0,1
99,36.08385267936172,140.0759110362224,,94.7937790783893,2.0,2.0,0,0,1
100,36.083851220126924,140.07593248211137,,94.79377907838925,2.0,2.0,0,0,1
101,36.08384976088829,140.07595392799954,,94.7937790783893,2.0,2.0,0,0,1
102,36.08384830164583,140.07597537388693,,94.79377907838939,2.0,2.0,0,0,1
103,36.08384684239952,140.07599681977354,,94.7937790783893,2.0,2.0,0,0,1
104,36.083845383149374,140.07601826565934,,146.76212901012022,2.0,2.0,0,0,1
105,36.083831824113695,140.0760292132229,,146.76212901012178,2.0,2.0,0,0,1
106,36.08381826507697,140.07604016078267,,146.76212901012022,2.0,2.0,0,0,1
107,36.083804706039224,140.0760511083387,,94.79378336524731,2.0,2.0,0,0,1
108,36.08380323724038,140.07607269438117,,94.79378336524731,2.0,2.0,0,0,1
109,36.08380176843764,140.07609428042284,,94.79378336524731,2.0,2.0,0,0,1
110,36.083800299631015,140.0761158664637,,94.79378336524745,2.0,2.0,0,0,1
111,36.08379883082049,140.07613745250376,,94.79378336524731,2.0,2.0,0,0,1
112,36.083797362006095,140.076159038543,,94.79378336524731,2.0,2.0,0,0,1
113,36.083795893187805,140.07618062458147,,94.79378336524731,2.0,2.0,0,0,1
114,36.08379442436562,140.07620221061913,,94.79378336524728,2.0,2.0,0,0,1
115,36.08379295553955,140.076223796656,,94.79378336524731,2.0,2.0,0,0,1
116,36.08379148670961,140.07624538269204,,94.79378336524731,2.0,2.0,0,0,1
117,36.08379001787576,140.07626696872728,,94.79378336524745,2.0,2.0,0,0,1
118,36.08378854903802,140.07628855476173,,94.79378336524731,2.0,2.0,0,0,1
119,36.0837870801964,140.07631014079536,,94.7937833652473,2.0,2.0,0,0,1
120,36.08378561135089,140.07633172682822,,94.79378336524732,2.0,2.0,0,0,1
121,36.0837841425015,140.07635331286025,,94.7937833652473,2.0,2.0,0,0,1
122,36.08378267364821,140.07637489889146,,94.79378336524731,2.0,2.0,0,0,1
123,36.08378120479103,140.0763964849219,,94.79378336524745,2.0,2.0,0,0,1
124,36.083779735929966,140.07641807095152,,94.79378336524731,2.0,2.0,0,0,1
125,36.083778267065014,140.07643965698037,,94.79378336524731,2.0,2.0,0,0,1
126,36.083776798196176,140.0764612430084,,94.7937833652473,2.0,2.0,0,0,1
127,36.08377532932345,140.0764828290356,,94.79378336524731,2.0,2.0,0,0,1
128,36.08377386044683,140.076504415062,,94.79378336524731,2.0,2.0,0,0,1
129,36.08377239156633,140.07652600108764,,94.79378336524731,2.0,2.0,0,0,1
130,36.083770922681936,140.07654758711246,,94.79378336524731,2.0,2.0,0,0,1
131,36.08376945379366,140.07656917313645,,94.79378336524745,2.0,2.0,0,0,1
132,36.083767984901485,140.07659075915967,,94.79378336524728,2.0,2.0,0,0,1
133,36.08376651600543,140.07661234518207,,94.79378336524734,2.0,2.0,0,0,1
134,36.08376504710548,140.07663393120367,,94.79378336524731,2.0,2.0,0,0,1
135,36.08376357820165,140.07665551722448,,94.79378336524728,2.0,2.0,0,0,1
136,36.08376210929392,140.07667710324446,,94.79378336524738,2.0,2.0,0,0,1
137,36.083760640382316,140.07669868926365,,94.79378336524734,2.0,2.0,0,0,1
138,36.083759171466816,140.07672027528207,,94.79378336524735,2.0,2.0,0,0,1
139,36.08375770254743,140.07674186129967,,94.79378336524731,2.0,2.0,0,0,1
140,36.08375623362415,140.07676344731647,,94.79378336524731,2.0,2.0,0,0,1
141,36.08375476469699,140.07678503333244,,47.416314957696144,2.0,2.0,0,0,1
142,36.083766507679734,140.07680077407827,,47.41631495769672,2.0,2.0,0,0,1
143,36.08377825066038,140.0768165148288,,47.416314957696144,2.0,2.0,0,0,1
144,36.083789993638945,140.076832255584,,94.79378309593831,2.0,2.0,0,0,1
145,36.083788546399745,140.07685352272352,,94.79378309593824,2.0,2.0,0,0,1
146,36.08378709915678,140.07687478986222,,94.79378309593832,2.0,2.0,0,0,1
147,36.08378565191004,140.07689605700017,,94.79378309593832,2.0,2.0,0,0,1
148,36.083784204659516,140.07691732413733,,94.79378309593831,2.0,2.0,0,0,1
149,36.083782757405224,140.07693859127374,,94.79378309593831,2.0,2.0,0,0,1
150,36.08378131014716,140.07695985840934,,94.79378309593824,2.0,2.0,0,0,1
151,36.083779862885315,140.07698112554417,,94.79378309593832,2.0,2.0,0,0,1
152,36.0837784156197,140.07700239267822,,182.3881166310676,2.0,2.0,0,0,1
153,36.08376148457061,140.07700152332274,,182.3881166310667,2.0,2.0,0,0,1
154,36.08374455352148,140.07700065396762,,182.3881166310676,2.0,2.0,0,0,1
155,36.083727622472274,140.07699978461287,,182.3881166310667,2.0,2.0,0,0,1
156,36.08371069142302,140.0769989152585,,182.3881166310676,2.0,2.0,0,0,1
157,36.08369376037373,140.0769980459045,,182.3881166310667,2.0,2.0,0,0,1
158,36.08367682932436,140.07699717655092,,182.3881166310676,2.0,2.0,0,0,1
159,36.08365989827495,140.07699630719765,,182.3881166310676,2.0,2.0,0,0,1
160,36.08364296722549,140.0769954378448,,182.3881166310667,2.0,2.0,0,0,1
161,36.083626036175964,140.07699456849227,,182.3881166310676,2.0,2.0,0,0,1
162,36.083609105126385,140.07699369914016,,182.3881166310667,2.0,2.0,0,0,1
163,36.08359217407676,140.0769928297884,,182.3881166310676,2.0,2.0,0,0,1
164,36.08357524302708,140.076991960437,,182.3881166310667,2.0,2.0,0,0,1
165,36.083558311977335,140.076991091086,,182.3881166310676,2.0,2.0,0,0,1
166,36.08354138092755,140.07699022173537,,182.3881166310667,2.0,2.0,0,0,1
167,36.0835244498777,140.0769893523851,,182.3881166310676,2.0,2.0,0,0,1
168,36.08350751882781,140.0769884830352,,75.5250604238072,2.0,2.0,0,0,1
169,36.08351192353263,140.07700950108455,,75.5250604238072,2.0,2.0,0,0,1
170,36.083516328233785,140.07703051913623,,75.5250604238072,2.0,2.0,0,0,1
171,36.083520732931234,140.07705153719027,,75.5250604238072,2.0,2.0,0,0,1
172,36.083525137625,140.07707255524667,,75.5250604238069,2.0,2.0,0,0,1
173,36.08352954231508,140.07709357330538,,75.5250604238072,2.0,2.0,0,0,1
174,36.08353394700147,140.07711459136647,,75.5250604238072,2.0,2.0,0,0,1
175,36.08353835168417,140.0771356094299,,75.5250604238072,2.0,2.0,0,0,1
176,36.08354275636319,140.0771566274956,,94.79379814641345,2.0,2.0,0,0,1
177,36.08354134879169,140.07717731076076,,94.79379814641341,2.0,2.0,0,0,1
178,36.08353994121662,140.0771979940252,,94.79379814641345,2.0,2.0,0,0,1
179,36.08353853363799,140.07721867728884,,94.79379814641334,2.0,2.0,0,0,1
180,36.083537126055795,140.0772393605518,,94.79379814641345,2.0,2.0,0,0,1
181,36.08353571847002,140.077260043814,,94.79379814641352,2.0,2.0,0,0,1
182,36.08353431088068,140.07728072707545,,94.79379814641334,2.0,2.0,0,0,1
183,36.08353290328777,140.07730141033616,,94.79379814641345,2.0,2.0,0,0,1
184,36.08353149569128,140.07732209359617,,94.79379814641341,2.0,2.0,0,0,1
185,36.08353008809123,140.0773427768554,,94.79379814641345,2.0,2.0,0,0,1
186,36.08352868048761,140.0773634601139,,122.14893890517727,2.0,2.0,0,0,1
187,36.083519174637374,140.0773820942596,,122.14893890517727,2.0,2.0,0,0,1
188,36.083509668784224,140.07740072840082,,122.14893890517719,2.0,2.0,0,0,1
189,36.08350016292815,140.07741936253754,,122.14893890517727,2.0,2.0,0,0,1
190,36.08349065706917,140.0774379966698,,122.14893890517727,2.0,2.0,0,0,1
191,36.08348115120729,140.07745663079754,,122.14893890517727,2.0,2.0,0,0,1
192,36.083471645342485,140.0774752649208,,117.90900936214237,2.0,2.0,0,0,1
193,36.08346403325708,140.07749297057518,,117.90900936214278,2.0,2.0,0,0,1
194,36.08345642116906,140.07751067622618,,117.90900936214268,2.0,2.0,0,0,1
195,36.083448809078405,140.07752838187375,,117.90900936214226,2.0,2.0,0,0,1
196,36.08344119698512,140.07754608751787,,117.90900936214246,2.0,2.0,0,0,1
197,36.08343358488922,140.07756379315862,,117.90900936214268,2.0,2.0,0,0,1
198,36.0834259727907,140.07758149879592,,94.79380891129662,2.0,2.0,0,0,1
199,36.08342447831847,140.07760345776964,,94.7938089112967,2.0,2.0,0,0,1
200,36.08342298384222,140.07762541674248,,94.79380891129642,2.0,2.0,0,0,1
201,36.083421489361946,140.0776473757145,,94.79380891129662,2.0,2.0,0,0,1
202,36.08341999487764,140.07766933468568,,94.79380891129662,2.0,2.0,0,0,1
203,36.08341850038932,140.07769129365604,,94.7938089112967,2.0,2.0,0,0,1
204,36.08341700589697,140.07771325262559,,94.79380891129662,2.0,2.0,0,0,1
205,36.083415511400595,140.07773521159427,,94.79380891129642,2.0,2.0,0,0,1
206,36.08341401690021,140.07775717056217,,94.79380891129662,2.0,2.0,0,0,1
207,36.08341252239579,140.0777791295292,,94.7938089112967,2.0,2.0,0,0,1
208,36.083411027887344,140.0778010884954,,94.79380891129662,2.0,2.0,0,0,1
209,36.08340953337488,140.07782304746078,,94.79380891129662,2.0,2.0,0,0,1
210,36.083408038858394,140.07784500642532,,94.7938089112965,2.0,2.0,0,0,1
211,36.083406544337876,140.07786696538903,,94.79380891129662,2.0,2.0,0,0,1
212,36.08340504981334,140.07788892435192,,94.79380891129662,2.0,2.0,0,0,1
213,36.083403555284775,140.07791088331396,,94.79380891129662,2.0,2.0,0,0,1
214,36.08340206075219,140.0779328422752,,94.7938089112965,2.0,2.0,0,0,1
215,36.08340056621558,140.0779548012356,,94.79380891129662,2.0,2.0,0,0,1
216,36.083399071674954,140.07797676019513,,94.79380891129662,2.0,2.0,0,0,1
217,36.08339757713029,140.07799871915387,,94.79380891129662,2.0,2.0,0,0,1
218,36.08339608258161,140.07802067811178,,94.7938089112967,2.0,2.0,0,0,1
219,36.08339458802891,140.07804263706885,,94.79380891129642,2.0,2.0,0,0,1
220,36.08339309347218,140.0780645960251,,94.79380891129662,2.0,2.0,0,0,1
221,36.08339159891143,140.07808655498047,,94.7938089112967,2.0,2.0,0,0,1
222,36.083390104346655,140.07810851393506,,94.79380891129662,2.0,2.0,0,0,1
223,36.083388609777856,140.0781304728888,,94.79380891129662,2.0,2.0,0,0,1
224,36.08338711520503,140.07815243184174,,94.79380891129645,2.0,2.0,0,0,1
225,36.083385620628185,140.0781743907938,,94.79380891129667,2.0,2.0,0,0,1
226,36.08338412604732,140.07819634974504,,94.79380891129662,2.0,2.0,0,0,1
227,36.08338263146242,140.07821830869545,,94.79380891129662,2.0,2.0,0,0,1
228,36.083381136873506,140.07824026764504,,94.79380891129667,2.0,2.0,0,0,1
229,36.08337964228056,140.0782622265938,,94.79380891129645,2.0,2.0,0,0,1
230,36.0833781476836,140.07828418554175,,94.79380891129662,2.0,2.0,0,0,1
231,36.0833766530826,140.07830614448883,,94.79380891129667,2.0,2.0,0,0,1
232,36.083375158477594,140.07832810343513,,94.79380891129662,2.0,2.0,0,0,1
233,36.08337366386855,140.07835006238057,,94.79380891129645,2.0,2.0,0,0,1
234,36.0833721692555,140.07837202132515,,94.79380891129662,2.0,2.0,0,0,1
235,36.08337067463842,140.0783939802689,,94.79380891129667,2.0,2.0,0,0,1
236,36.0833691800173,140.07841593921185,,94.79380891129662,2.0,2.0,0,0,1
237,36.08336768539217,140.07843789815396,,94.79380891129667,2.0,2.0,0,0,1
238,36.083366190763016,140.07845985709525,,94.79380891129645,2.0,2.0,0,0,1
239,36.08336469612983,140.0784818160357,,94.79380891129662,2.0,2.0,0,0,1
240,36.083363201492624,140.0785037749753,,94.79380891129667,2.0,2.0,0,0,1
241,36.0833617068514,140.0785257339141,,94.79380891129662,2.0,2.0,0,0,1
242,36.08336021220615,140.07854769285206,,94.79380891129667,2.0,2.0,0,0,1
243,36.08335871755688,140.07856965178917,,94.79380891129642,2.0,2.0,0,0,1
244,36.08335722290358,140.07859161072548,,94.79380891129667,2.0,2.0,0,0,1
245,36.08335572824625,140.07861356966094,,94.79380891129667,2.0,2.0,0,0,1
246,36.083354233584906,140.07863552859556,,94.79380891129662,2.0,2.0,0,0,1
247,36.08335273891954,140.07865748752937,,94.79380891129667,2.0,2.0,0,0,1
248,36.083351244250146,140.07867944646233,,94.79380891129662,2.0,2.0,0,0,1
249,36.083349749576726,140.07870140539447,,94.79380891129645,2.0,2.0,0,0,1
250,36.083348254899285,140.07872336432578,,94.79380891129662,2.0,2.0,0,0,1
251,36.08334676021782,140.07874532325624,,94.79380891129667,2.0,2.0,0,0,1
252,36.08334526553233,140.07876728218588,,94.79380891129642,2.0,2.0,0,0,1
253,36.08334377084282,140.0787892411147,,94.79380891129667,2.0,2.0,0,0,1
254,36.08334227614928,140.07881120004268,,94.79380891129662,2.0,2.0,0,0,1
255,36.08334078145172,140.07883315896981,,94.79380891129667,2.0,2.0,0,0,1
256,36.08333928675014,140.07885511789615,,94.79380891129662,2.0,2.0,0,0,1
257,36.083337792044524,140.07887707682164,,94.79380891129667,2.0,2.0,0,0,1
258,36.083336297334895,140.0788990357463,,94.79380891129642,2.0,2.0,0,0,1
259,36.08333480262124,140.0789209946701,,94.79380891129667,2.0,2.0,0,0,1
260,36.083333307903565,140.07894295359313,,94.79380891129662,2.0,2.0,0,0,1
261,36.08333181318186,140.07896491251526,,94.79380891129667,2.0,2.0,0,0,1
262,36.08333031845613,140.07898687143663,,94.79380891129645,2.0,2.0,0,0,1
263,36.08332882372638,140.0790088303571,,94.79380891129662,2.0,2.0,0,0,1
264,36.08332732899261,140.07903078927677,,94.7938089112967,2.0,2.0,0,0,1
265,36.08332583425481,140.07905274819564,,94.79380891129662,2.0,2.0,0,0,1
266,36.08332433951299,140.07907470711362,,94.79380891129662,2.0,2.0,0,0,1
267,36.083322844767146,140.0790966660308,,94.79380891129662,2.0,2.0,0,0,1
268,36.08332135001727,140.07911862494714,,94.7938089112965,2.0,2.0,0,0,1
269,36.08331985526338,140.07914058386265,,94.79380891129662,2.0,2.0,0,0,1
270,36.083318360505466,140.07916254277734,,94.79380891129662,2.0,2.0,0,0,1
271,36.08331686574353,140.0791845016912,,94.79380891129662,2.0,2.0,0,0,1
272,36.08331537097756,140.0792064606042,,94.7938089112965,2.0,2.0,0,0,1
273,36.08331387620757,140.0792284195164,,94.79380891129662,2.0,2.0,0,0,1
274,36.083312381433565,140.07925037842776,,94.79380891129662,2.0,2.0,0,0,1
275,36.083310886655525,140.07927233733827,,94.79380891129662,2.0,2.0,0,0,1
276,36.08330939187346,140.07929429624798,,94.7938089112967,2.0,2.0,0,0,1
277,36.08330789708739,140.0793162551568,,94.79380891129662,2.0,2.0,0,0,1
278,36.083306402297275,140.07933821406485,,94.79380891129642,2.0,2.0,0,0,1
279,36.08330490750314,140.0793601729721,,94.7938089112967,2.0,2.0,0,0,1
280,36.08330341270499,140.07938213187842,,94.79380891129642,2.0,2.0,0,0,1
281,36.083301917902816,140.07940409078398,,94.79380891129662,2.0,2.0,0,0,1
282,36.08330042309661,140.07942604968866,,94.79380891129662,2.0,2.0,0,0,1
283,36.08329892828638,140.07944800859255,,94.7938089112967,2.0,2.0,0,0,1
284,36.08329743347213,140.0794699674956,,94.79380891129662,2.0,2.0,0,0,1
285,36.08329593865386,140.07949192639782,,94.79380891129662,2.0,2.0,0,0,1
286,36.08329444383157,140.0795138852992,,94.79380891129642,2.0,2.0,0,0,1
287,36.08329294900525,140.07953584419974,,94.7938089112967,2.0,2.0,0,0,1
288,36.083291454174905,140.07955780309948,,94.79380891129665,2.0,2.0,0,0,1
289,36.08328995934054,140.07957976199833,,5.032664398610834,2.0,2.0,0,0,1
290,36.0833078403072,140.07958170191793,,5.032664398610848,2.0,2.0,0,0,1
291,36.08332572127378,140.07958364183838,,5.0326643986108195,2.0,2.0,0,0,1
292,36.08334360224027,140.07958558175974,,5.032664398610834,2.0,2.0,0,0,1
293,36.08336148320668,140.07958752168196,,5.032664398610848,2.0,2.0,0,0,1
294,36.08337936417301,140.07958946160505,,5.032664398610848,2.0,2.0,0,0,1
295,36.08339724513924,140.07959140152906,,5.032664398610805,2.0,2.0,0,0,1
296,36.0834151261054,140.07959334145391,,5.032664398610848,2.0,2.0,0,0,1
297,36.08343300707148,140.07959528137965,,5.032664398610848,2.0,2.0,0,0,1
298,36.083450888037454,140.07959722130624,,5.032664398610791,2.0,2.0,0,0,1
299,36.08346876900335,140.07959916123374,,5.032664398610876,2.0,2.0,0,0,1
300,36.08348664996917,140.0796011011621,,5.032664398610848,2.0,2.0,0,0,1
301,36.0835045309349,140.07960304109136,,5.032664398610791,2.0,2.0,0,0,1
302,36.083522411900546,140.07960498102148,,5.032664398610848,2.0,2.0,0,0,1
303,36.08354029286612,140.0796069209525,,5.032664398610848,2.0,2.0,0,0,1
304,36.083558173831584,140.07960886088438,,5.032664398610791,2.0,2.0,0,0,1
305,36.08357605479698,140.07961080081716,,5.032664398610848,2.0,2.0,0,0,1
306,36.08359393576228,140.07961274075078,,5.032664398610848,2.0,2.0,0,0,1
307,36.08361181672751,140.0796146806853,,5.032664398610848,2.0,2.0,0,0,1
308,36.08362969769264,140.07961662062073,,5.032664398610791,2.0,2.0,0,0,1
309,36.083647578657704,140.07961856055698,,5.032664398610876,2.0,2.0,0,0,1
310,36.083665459622665,140.07962050049414,,5.032664398610805,2.0,2.0,0,0,1
311,36.08368334058755,140.0796224404322,,5.032664398610848,2.0,2.0,0,0,1
312,36.08370122155234,140.0796243803711,,5.032664398610848,2.0,2.0,0,0,1
313,36.083719102517065,140.0796263203109,,5.032664398610848,2.0,2.0,0,0,1
314,36.08373698348168,140.07962826025155,,5.032664398610791,2.0,2.0,0,0,1
315,36.08375486444623,140.07963020019312,,5.032664398610848,2.0,2.0,0,0,1
316,36.083772745410684,140.07963214013552,,5.032664398610805,2.0,2.0,0,0,1
317,36.08379062637506,140.07963408007885,,5.032664398610848,2.0,2.0,0,0,1
318,36.08380850733935,140.07963602002303,,5.032664398610848,2.0,2.0,0,0,1
319,36.08382638830356,140.0796379599681,,5.032664398610848,2.0,2.0,0,0,1
320,36.08384426926768,140.07963989991404,,5.032664398610848,2.0,2.0,0,0,1
321,36.0838621502317,140.07964183986084,,5.032664398610791,2.0,2.0,0,0,1
322,36.08388003119565,140.07964377980855,,5.032664398610805,2.0,2.0,0,0,1
323,36.08389791215952,140.07964571975714,,5.032664398610848,2.0,2.0,0,0,1
324,36.0839157931233,140.0796476597066,,5.032664398610848,2.0,2.0,0,0,1
325,36.08393367408699,140.07964959965693,,5.032664398610848,2.0,2.0,0,0,1
326,36.083951555050604,140.07965153960816,,5.032664398610848,2.0,2.0,0,0,1
327,36.08396943601413,140.07965347956022,,5.032664398610763,2.0,2.0,0,0,1
328,36.08398731697757,140.07965541951322,,5.032664398610848,2.0,2.0,0,0,1
329,36.08400519794092,140.07965735946706,,5.032664398610848,2.0,2.0,0,0,1
330,36.08402307890419,140.0796592994218,,5.032664398610848,2.0,2.0,0,0,1
331,36.08404095986737,140.0796612393774,,5.032664398610848,2.0,2.0,0,0,1
332,36.08405884083048,140.07966317933386,,5.032664398610848,2.0,2.0,0,0,1
333,36.08407672179349,140.07966511929123,,5.032664398610763,2.0,2.0,0,0,1
334,36.084094602756416,140.0796670592495,,5.032664398610805,2.0,2.0,0,0,1
335,36.08411248371927,140.0796689992086,,5.032664398610848,2.0,2.0,0,0,1
336,36.084130364682025,140.0796709391686,,5.032664398610848,2.0,2.0,0,0,1
337,36.0841482456447,140.0796728791295,,5.032664398610848,2.0,2.0,0,0,1
338,36.084166126607286,140.07967481909125,,5.032664398610848,2.0,2.0,0,0,1
339,36.084184007569796,140.07967675905388,,5.0326643986108195,2.0,2.0,0,0,1
340,36.08420188853222,140.0796786990174,,5.032664398610763,2.0,2.0,0,0,1
341,36.08421976949455,140.0796806389818,,5.032664398610848,2.0,2.0,0,0,1
342,36.0842376504568,140.07968257894706,,5.032664398610848,2.0,2.0,0,0,1
343,36.08425553141897,140.0796845189132,,5.032664398610848,2.0,2.0,0,0,1
344,36.084273412381044,140.07968645888025,,5.032664398610848,2.0,2.0,0,0,1
345,36.08429129334304,140.07968839884816,,5.032664398610848,2.0,2.0,0,0,1
346,36.084309174304956,140.07969033881693,,5.032664398610876,2.0,2.0,0,0,1
347,36.08432705526678,140.0796922787866,,5.032664398610763,2.0,2.0,0,0,1
348,36.08434493622852,140.07969421875714,,5.032664398610848,2.0,2.0,0,0,1
349,36.084362817190176,140.07969615872855,,5.032664398610848,2.0,2.0,0,0,1
350,36.08438069815175,140.07969809870087,,5.032664398610777,2.0,2.0,0,0,1
351,36.084398579113234,140.07970003867405,,5.032664398610848,2.0,2.0,0,0,1
352,36.084416460074635,140.0797019786481,,5.032664398610848,2.0,2.0,0,0,1
353,36.084434341035944,140.07970391862304,,5.032664398610834,2.0,2.0,0,0,1
354,36.08445222199718,140.07970585859886,,5.032664398610777,2.0,2.0,0,0,1
355,36.08447010295832,140.07970779857555,,5.032664398610848,2.0,2.0,0,0,1
356,36.08448798391938,140.07970973855313,,5.032664398610848,2.0,2.0,0,0,1
357,36.084505864880356,140.07971167853157,,5.032664398610848,2.0,2.0,0,0,1
358,36.084523745841246,140.07971361851088,,5.032664398610763,2.0,2.0,0,0,1
359,36.08454162680206,140.0797155584911,,5.032664398610848,2.0,2.0,0,0,1
360,36.084559507762776,140.0797174984722,,5.032664398610848,2.0,2.0,0,0,1
361,36.08457738872341,140.07971943845413,,5.032664398610848,2.0,2.0,0,0,1
362,36.084595269683966,140.079721378437,,5.032664398610848,2.0,2.0,0,0,1
363,36.08461315064442,140.07972331842072,,5.0326643986108195,2.0,2.0,0,0,1
364,36.08463103160481,140.07972525840532,,94.79373218892611,2.0,2.0,0,0,1
365,36.08462964379607,140.07974564537204,,94.79373218892655,2.0,2.0,0,0,1
366,36.08462825598387,140.07976603233809,,94.79373218892611,2.0,2.0,0,0,1
367,36.08462686816821,140.07978641930336,,94.79373218892655,2.0,2.0,0,0,1
368,36.08462548034906,140.07980680626798,,94.79373218892611,2.0,2.0,0,0,1
369,36.084624092526454,140.07982719323184,,94.79373218892655,2.0,2.0,0,0,1
370,36.08462270470038,140.079847580195,,94.79373218892613,2.0,2.0,0,0,1
371,36.08462131687083,140.07986796715744,,94.79373218892655,2.0,2.0,0,0,1
372,36.08461992903782,140.07988835411913,,94.79373218892611,2.0,2.0,0,0,1
373,36.084618541201344,140.07990874108017,,64.71914097551566,2.0,2.0,0,0,1
374,36.08462553657931,140.0799269888482,,64.71914097551607,2.0,2.0,0,0,1
375,36.08463253195449,140.07994523661947,,64.71914097551566,2.0,2.0,0,0,1
376,36.08463952732688,140.07996348439394,,64.71914097551566,2.0,2.0,0,0,1
377,36.084646522696495,140.0799817321717,,64.71914097551607,2.0,2.0,0,0,1
378,36.08465351806332,140.07999997995265,,64.71914097551576,2.0,2.0,0,0,1
379,36.08466051342735,140.08001822773684,,64.71914097551566,2.0,2.0,0,0,1
380,36.08466750878859,140.08003647552428,,64.71914097551607,2.0,2.0,0,0,1
381,36.08467450414705,140.08005472331493,,64.71914097551566,2.0,2.0,0,0,1
382,36.08468149950273,140.08007297110882,,94.79373257002821,2.0,2.0,0,0,1
383,36.08467999898298,140.08009501286926,,94.79373257002824,2.0,2.0,0,0,1
384,36.08467849845916,140.0801170546289,,94.79373257002781,2.0,2.0,0,0,1
385,36.0846769979313,140.08013909638765,,94.79373257002821,2.0,2.0,0,0,1
386,36.08467549739938,140.08016113814557,,94.79373257002824,2.0,2.0,0,0,1
387,36.08467399686341,140.0801831799027,,94.79373257002781,2.0,2.0,0,0,1
388,36.084672496323385,140.08020522165893,,94.79373257002824,2.0,2.0,0,0,1
389,36.0846709957793,140.08022726341434,,94.79373257002821,2.0,2.0,0,0,1
390,36.08466949523116,140.0802493051689,,94.79373257002821,2.0,2.0,0,0,1
391,36.08466799467897,140.08027134692267,,94.79373257002821,2.0,2.0,0,0,1
392,36.08466649412273,140.08029338867556,,94.79373257002784,2.0,2.0,0,0,1
393,36.08466499356243,140.08031543042765,,94.79373257002821,2.0,2.0,0,0,1
394,36.084663492998075,140.08033747217885,,94.79373257002821,2.0,2.0,0,0,1
395,36.084661992429666,140.08035951392924,,94.79373257002781,2.0,2.0,0,0,1
396,36.08466049185721,140.0803815556788,,94.79373257002821,2.0,2.0,0,0,1
397,36.0846589912807,140.0804035974275,,94.79373257002821,2.0,2.0,0,0,1
398,36.084657490700124,140.0804256391754,,94.79373257002825,2.0,2.0,0,0,1
399,36.08465599011551,140.08044768092242,,94.79373257002821,2.0,2.0,0,0,1
400,36.08465448952683,140.08046972266862,,94.79373257002781,2.0,2.0,0,0,1
401,36.084652988934096,140.08049176441398,,94.79373257002821,2.0,2.0,0,0,1
402,36.08465148833731,140.0805138061585,,94.79373257002821,2.0,2.0,0,0,1
403,36.08464998773646,140.08053584790218,,94.79373257002784,2.0,2.0,0,0,1
404,36.08464848713156,140.08055788964504,,94.79373257002818,2.0,2.0,0,0,1
405,36.08464698652262,140.08057993138706,,94.79373257002825,2.0,2.0,0,0,1
406,36.08464548590962,140.0806019731282,,94.79373257002821,2.0,2.0,0,0,1
407,36.08464398529256,140.08062401486853,,94.79373257002821,2.0,2.0,0,0,1
408,36.08464248467145,140.08064605660803,,94.79373257002784,2.0,2.0,0,0,1
409,36.08464098404629,140.0806680983467,,94.79373257002821,2.0,2.0,0,0,1
410,36.084639483417064,140.08069014008453,,94.79373257002821,2.0,2.0,0,0,1
411,36.08463798278378,140.0807121818215,,94.79373257002781,2.0,2.0,0,0,1
412,36.08463648214646,140.08073422355764,,94.79373257002821,2.0,2.0,0,0,1
413,36.084634981505076,140.08075626529296,,94.79373257002825,2.0,2.0,0,0,1
414,36.084633480859644,140.08077830702743,,94.79373257002818,2.0,2.0,0,0,1
415,36.084631980210155,140.08080034876104,,94.79373257002825,2.0,2.0,0,0,1
416,36.08463047955661,140.08082239049386,,94.79373257002777,2.0,2.0,0,0,1
417,36.084628978899005,140.0808444322258,,94.79373257002825,2.0,2.0,0,0,1
418,36.08462747823735,140.08086647395692,,94.79373257002825,2.0,2.0,0,0,1
419,36.08462597757165,140.08088851568718,,94.79373257002777,2.0,2.0,0,0,1
420,36.08462447690188,140.08091055741664,,94.79373257002825,2.0,2.0,0,0,1
421,36.08462297622806,140.08093259914523,,94.79373257002818,2.0,2.0,0,0,1
422,36.0846214755502,140.080954640873,,94.79373257002825,2.0,2.0,0,0,1
423,36.08461997486827,140.08097668259992,,94.79373257002825,2.0,2.0,0,0,1
424,36.084618474182285,140.080998724326,,94.79373257002777,2.0,2.0,0,0,1
425,36.08461697349226,140.08102076605124,,94.79373257002825,2.0,2.0,0,0,1
426,36.08461547279818,140.08104280777567,,94.79373257002825,2.0,2.0,0,0,1
427,36.08461397210003,140.08106484949923,,94.79373257002777,2.0,2.0,0,0,1
428,36.08461247139783,140.081086891222,,94.79373257002825,2.0,2.0,0,0,1
429,36.08461097069159,140.0811089329439,,94.79373257002818,2.0,2.0,0,0,1
430,36.08460946998128,140.08113097466494,,94.79373257002825,2.0,2.0,0,0,1
431,36.084607969266926,140.08115301638514,,94.79373257002818,2.0,2.0,0,0,1
432,36.08460646854851,140.08117505810455,,94.79373257002784,2.0,2.0,0,0,1
433,36.08460496782604,140.08119709982307,,94.79373257002825,2.0,2.0,0,0,1
434,36.08460346709953,140.0812191415408,,94.79373257002825,2.0,2.0,0,0,1
435,36.08460196636895,140.08124118325765,,94.79373257002777,2.0,2.0,0,0,1
436,36.08460046563432,140.08126322497367,,94.79373257002818,2.0,2.0,0,0,1
437,36.08459896489563,140.0812852666889,,94.79373257002825,2.0,2.0,0,0,1
438,36.0845974641529,140.08130730840324,,94.79373257002825,2.0,2.0,0,0,1
439,36.0845959634061,140.08132935011673,,94.79373257002825,2.0,2.0,0,0,1
440,36.084594462655254,140.0813513918294,,94.79373257002777,2.0,2.0,0,0,1
441,36.084592961900356,140.08137343354124,,94.79373257002818,2.0,2.0,0,0,1
442,36.0845914611414,140.08139547525226,,94.79373257002825,2.0,2.0,0,0,1
443,36.084589960378395,140.0814175169624,,94.79373257002784,2.0,2.0,0,0,1
444,36.08458845961133,140.08143955867175,,94.79373257002825,2.0,2.0,0,0,1
445,36.08458695884021,140.08146160038024,,94.79373257002818,2.0,2.0,0,0,1
446,36.084585458065035,140.08148364208787,,94.79373257002818,2.0,2.0,0,0,1
447,36.08458395728582,140.0815056837947,,94.79373257002825,2.0,2.0,0,0,1
448,36.08458245650254,140.08152772550065,,94.79373257002784,2.0,2.0,0,0,1
449,36.084580955715204,140.0815497672058,,94.79373257002825,2.0,2.0,0,0,1
450,36.08457945492382,140.08157180891007,,94.79373257002818,2.0,2.0,0,0,1
451,36.08457795412838,140.08159385061356,,94.79373257002777,2.0,2.0,0,0,1
452,36.08457645332888,140.0816158923162,,94.79373257002825,2.0,2.0,0,0,1
453,36.08457495252533,140.08163793401795,,94.79373257002825,2.0,2.0,0,0,1
454,36.08457345171773,140.0816599757189,,94.79373257002825,2.0,2.0,0,0,1
455,36.08457195090606,140.081682017419,,94.79373257002777,2.0,2.0,0,0,1
456,36.084570450090354,140.08170405911824,,94.79373257002818,2.0,2.0,0,0,1
457,36.08456894927059,140.0817261008167,,94.79373257002825,2.0,2.0,0,0,1
458,36.08456744844676,140.08174814251427,,94.79373257002825,2.0,2.0,0,0,1
459,36.084565947618884,140.08177018421102,,94.79373257002784,2.0,2.0,0,0,1
460,36.084564446786956,140.08179222590692,,94.79373257002818,2.0,2.0,0,0,1
461,36.08456294595097,140.081814267602,,94.79373257002818,2.0,2.0,0,0,1
462,36.084561445110936,140.08183630929625,,94.79373257002825,2.0,2.0,0,0,1
463,36.08455994426684,140.08185835098965,,94.79373257002825,2.0,2.0,0,0,1
464,36.08455844341869,140.08188039268222,,94.79373257002784,2.0,2.0,0,0,1
465,36.08455694256649,140.08190243437392,,94.79373257002818,2.0,2.0,0,0,1
466,36.08455544171024,140.0819244760648,,140.76630818215202,2.0,2.0,0,0,1
467,36.08454254515404,140.081937449079,,140.76630818215108,2.0,2.0,0,0,1
468,36.084529648596394,140.0819504220889,,140.76630818215176,2.0,2.0,0,0,1
469,36.084516752037324,140.08196339509462,,140.76630818215202,2.0,2.0,0,0,1
470,36.084503855476825,140.0819763680961,,140.76630818215136,2.0,2.0,0,0,1
471,36.08449095891489,140.0819893410933,,140.76630818215176,2.0,2.0,0,0,1
472,36.08447806235153,140.08200231408628,,140.76630818215108,2.0,2.0,0,0,1
473,36.08446516578673,140.08201528707502,,140.76630818215202,2.0,2.0,0,0,1
474,36.0844522692205,140.08202826005956,,184.6857311196352,2.0,2.0,0,0,1
475,36.08443460783903,140.08202647608593,,184.6857311196352,2.0,2.0,0,0,1
476,36.08441694645749,140.0820246921131,,184.6857311196352,2.0,2.0,0,0,1
477,36.08439928507586,140.08202290814108,,184.68573111963514,2.0,2.0,0,0,1
478,36.084381623694156,140.08202112416984,,184.6857311196352,2.0,2.0,0,0,1
479,36.08436396231237,140.08201934019942,,184.6857311196352,2.0,2.0,0,0,1
480,36.08434630093051,140.08201755622977,,184.6857311196352,2.0,2.0,0,0,1
481,36.08432863954857,140.08201577226095,,184.6857311196352,2.0,2.0,0,0,1
482,36.08431097816656,140.0820139882929,,184.6857311196352,2.0,2.0,0,0,1
483,36.08429331678446,140.08201220432568,,184.6857311196352,2.0,2.0,0,0,1
484,36.08427565540228,140.08201042035927,,184.685731119636,2.0,2.0,0,0,1
485,36.08425799402003,140.08200863639362,,184.6857311196352,2.0,2.0,0,0,1
486,36.08424033263769,140.08200685242878,,184.68573111963514,2.0,2.0,0,0,1
487,36.08422267125528,140.08200506846472,,184.6857311196352,2.0,2.0,0,0,1
488,36.08420500987278,140.08200328450147,,184.68573111963516,2.0,2.0,0,0,1
489,36.08418734849021,140.082001500539,,184.6857311196352,2.0,2.0,0,0,1
490,36.08416968710757,140.08199971657737,,184.6857311196352,2.0,2.0,0,0,1
491,36.08415202572485,140.0819979326165,,184.6857311196352,2.0,2.0,0,0,1
492,36.084134364342034,140.0819961486565,,184.6857311196352,2.0,2.0,0,0,1
493,36.08411670295915,140.0819943646972,,184.68573111963516,2.0,2.0,0,0,1
494,36.08409904157618,140.08199258073876,,184.6857311196352,2.0,2.0,0,0,1
495,36.08408138019314,140.0819907967811,,272.0482893587284,2.0,2.0,0,0,1
496,36.08408189100069,140.08197321381303,,272.0482893587281,2.0,2.0,0,0,1
497,36.08408240180568,140.08195563084473,,272.0482893587283,2.0,2.0,0,0,1
498,36.084082912608075,140.0819380478762,,272.0482893587284,2.0,2.0,0,0,1
499,36.08408342340789,140.08192046490748,,184.68571734651115,2.0,2.0,0,0,1
500,36.08406706060663,140.0819188121384,,184.68571734651204,2.0,2.0,0,0,1
501,36.0840506978053,140.08191715937005,,184.68571734651118,2.0,2.0,0,0,1
502,36.08403433500391,140.08191550660237,,184.68571734651118,2.0,2.0,0,0,1
503,36.084017972202446,140.08191385383535,,184.68571734651204,2.0,2.0,0,0,1
504,36.08400160940092,140.08191220106903,,184.68571734651118,2.0,2.0,0,0,1
505,36.08398524659932,140.0819105483034,,94.7937710860672,2.0,2.0,0,0,1
506,36.08398405401646,140.08192806238495,,94.79377108606728,2.0,2.0,0,0,1
507,36.08398286143105,140.08194557646598,,94.7937710860672,2.0,2.0,0,0,1
508,36.08398166884308,140.08196309054648,,94.7937710860672,2.0,2.0,0,0,1
509,36.08398047625254,140.08198060462647,,184.68569301517135,2.0,2.0,0,0,1
510,36.08396261343522,140.08197880034237,,184.6856930151722,2.0,2.0,0,0,1
511,36.08394475061781,140.08197699605907,,184.68569301517135,2.0,2.0,0,0,1
512,36.083926887800324,140.08197519177656,,184.68569301517135,2.0,2.0,0,0,1
513,36.08390902498275,140.0819733874949,,184.68569301517135,2.0,2.0,0,0,1
514,36.08389116216511,140.08197158321406,,184.68569301517218,2.0,2.0,0,0,1
515,36.08387329934738,140.08196977893402,,184.68569301517135,2.0,2.0,0,0,1
516,36.08385543652957,140.08196797465482,,184.68569301517135,2.0,2.0,0,0,1
517,36.08383757371168,140.0819661703764,,184.68569301517135,2.0,2.0,0,0,1
518,36.0838197108937,140.08196436609884,,184.68569301517218,2.0,2.0,0,0,1
519,36.08380184807566,140.08196256182208,,184.68569301517135,2.0,2.0,0,0,1
520,36.08378398525752,140.0819607575461,,184.68569301517138,2.0,2.0,0,0,1
521,36.08376612243931,140.081958953271,,184.68569301517218,2.0,2.0,0,0,1
522,36.08374825962102,140.08195714899665,,184.68569301517135,2.0,2.0,0,0,1
523,36.08373039680264,140.08195534472316,,184.68569301517138,2.0,2.0,0,0,1
524,36.08371253398419,140.08195354045046,,184.68569301517135,2.0,2.0,0,0,1
525,36.08369467116565,140.0819517361786,,184.68569301517218,2.0,2.0,0,0,1
526,36.083676808347036,140.08194993190756,,184.68569301517138,2.0,2.0,0,0,1
527,36.08365894552835,140.08194812763733,,184.68569301517135,2.0,2.0,0,0,1
528,36.08364108270956,140.08194632336787,,184.6856930151722,2.0,2.0,0,0,1
529,36.08362321989071,140.0819445190993,,184.68569301517138,2.0,2.0,0,0,1
530,36.08360535707177,140.0819427148315,,184.68569301517135,2.0,2.0,0,0,1
531,36.08358749425275,140.08194091056453,,184.68569301517138,2.0,2.0,0,0,1
532,36.083569631433654,140.0819391062984,,184.6856930151722,2.0,2.0,0,0,1
533,36.08355176861448,140.08193730203305,,184.68569301517135,2.0,2.0,0,0,1
534,36.08353390579522,140.0819354977685,,184.68569301517138,2.0,2.0,0,0,1
535,36.08351604297587,140.0819336935048,,184.68569301517138,2.0,2.0,0,0,1
536,36.08349818015646,140.0819318892419,,184.68569301517215,2.0,2.0,0,0,1
537,36.08348031733696,140.08193008497983,,184.68569301517138,2.0,2.0,0,0,1
538,36.083462454517374,140.08192828071859,,184.68569301517138,2.0,2.0,0,0,1
539,36.083444591697706,140.08192647645814,,184.68569301517215,2.0,2.0,0,0,1
540,36.08342672887796,140.0819246721985,,184.68569301517135,2.0,2.0,0,0,1
541,36.08340886605815,140.0819228679397,,184.6856930151714,2.0,2.0,0,0,1
542,36.08339100323824,140.0819210636817,,184.68569301517135,2.0,2.0,0,0,1
543,36.08337314041826,140.08191925942452,,184.68569301517215,2.0,2.0,0,0,1
544,36.08335527759819,140.08191745516817,,184.6856930151714,2.0,2.0,0,0,1
545,36.08333741477805,140.08191565091263,,184.68569301517135,2.0,2.0,0,0,1
546,36.08331955195783,140.0819138466579,,184.68569301517135,2.0,2.0,0,0,1
547,36.083301689137514,140.08191204240399,,184.6856930151722,2.0,2.0,0,0,1
548,36.08328382631713,140.0819102381509,,184.68569301517135,2.0,2.0,0,0,1
549,36.083265963496665,140.08190843389863,,274.79381348678316,2.0,2.0,0,0,1
550,36.083267460688056,140.08188644672296,,274.79381348678334,2.0,2.0,0,0,1
551,36.08326895787543,140.0818644595465,,274.79381348678316,2.0,2.0,0,0,1
552,36.083270455058766,140.08184247236917,,274.7938134867833,2.0,2.0,0,0,1
553,36.083271952238064,140.08182048519103,,274.79381348678316,2.0,2.0,0,0,1
554,36.083273449413326,140.08179849801203,,274.79381348678334,2.0,2.0,0,0,1
555,36.08327494658455,140.08177651083224,,274.79381348678316,2.0,2.0,0,0,1
556,36.08327644375176,140.08175452365157,,274.79381348678334,2.0,2.0,0,0,1
557,36.08327794091492,140.08173253647007,,274.79381348678316,2.0,2.0,0,0,1
558,36.08327943807405,140.08171054928775,,274.79381348678334,2.0,2.0,0,0,1
559,36.08328093522913,140.0816885621046,,274.79381348678316,2.0,2.0,0,0,1
560,36.0832824323802,140.0816665749206,,274.79381348678305,2.0,2.0,0,0,1
561,36.08328392952723,140.08164458773578,,274.79381348678334,2.0,2.0,0,0,1
562,36.083285426670216,140.08162260055013,,274.79381348678316,2.0,2.0,0,0,1
563,36.083286923809176,140.08160061336363,,274.79381348678334,2.0,2.0,0,0,1
564,36.08328842094409,140.08157862617634,,274.79381348678316,2.0,2.0,0,0,1
565,36.08328991807498,140.08155663898816,,274.79381348678334,2.0,2.0,0,0,1
566,36.08329141520185,140.08153465179916,,274.79381348678305,2.0,2.0,0,0,1
567,36.08329291232467,140.08151266460933,,274.79381348678334,2.0,2.0,0,0,1
568,36.083294409443454,140.08149067741869,,274.79381348678316,2.0,2.0,0,0,1
569,36.08329590655821,140.08146869022718,,274.79381348678334,2.0,2.0,0,0,1
570,36.08329740366892,140.08144670303486,,274.79381348678316,2.0,2.0,0,0,1
571,36.08329890077561,140.08142471584168,,184.68565233587742,2.0,2.0,0,0,1
572,36.083281207408966,140.08142292883002,,184.68565233587825,2.0,2.0,0,0,1
573,36.08326351404224,140.08142114181913,,184.68565233587742,2.0,2.0,0,0,1
574,36.08324582067544,140.08141935480907,,184.68565233587827,2.0,2.0,0,0,1
575,36.08322812730856,140.0814175677998,,184.68565233587742,2.0,2.0,0,0,1
576,36.083210433941595,140.08141578079133,,184.68565233587742,2.0,2.0,0,0,1
577,36.08319274057455,140.08141399378366,,184.68565233587825,2.0,2.0,0,0,1
578,36.08317504720743,140.0814122067768,,184.68565233587745,2.0,2.0,0,0,1
579,36.08315735384023,140.08141041977072,,184.68565233587825,2.0,2.0,0,0,1
580,36.08313966047296,140.08140863276543,,184.68565233587742,2.0,2.0,0,0,1
581,36.083121967105605,140.081406845761,,184.68565233587825,2.0,2.0,0,0,1
582,36.08310427373817,140.0814050587573,,184.68565233587742,2.0,2.0,0,0,1
583,36.08308658037064,140.08140327175445,,184.68565233587742,2.0,2.0,0,0,1
584,36.08306888700306,140.0814014847524,,184.68565233587825,2.0,2.0,0,0,1
585,36.083051193635384,140.08139969775112,,184.68565233587742,2.0,2.0,0,0,1
586,36.08303350026764,140.08139791075067,,184.68565233587825,2.0,2.0,0,0,1
587,36.0830158068998,140.081396123751,,184.68565233587742,2.0,2.0,0,0,1
588,36.0829981135319,140.0813943367521,,184.68565233587748,2.0,2.0,0,0,1
589,36.082980420163906,140.08139254975407,,184.68565233587822,2.0,2.0,0,0,1
590,36.08296272679584,140.08139076275683,,184.68565233587748,2.0,2.0,0,0,1
591,36.0829450334277,140.08138897576035,,184.68565233587822,2.0,2.0,0,0,1
592,36.08292734005947,140.0813871887647,,184.68565233587748,2.0,2.0,0,0,1
593,36.08290964669118,140.08138540176984,,184.68565233587825,2.0,2.0,0,0,1
594,36.082891953322786,140.08138361477577,,184.68565233587742,2.0,2.0,0,0,1
595,36.08287425995433,140.0813818277825,,184.6856523358774,2.0,2.0,0,0,1
596,36.08285656658579,140.08138004079007,,184.68565233587827,2.0,2.0,0,0,1
597,36.08283887321717,140.08137825379842,,184.68565233587742,2.0,2.0,0,0,1
598,36.08282117984847,140.08137646680754,,184.68565233587825,2.0,2.0,0,0,1
599,36.0828034864797,140.08137467981751,,184.68565233587742,2.0,2.0,0,0,1
600,36.08278579311084,140.08137289282826,,184.68565233587742,2.0,2.0,0,0,1
601,36.082768099741905,140.08137110583982,,184.68565233587827,2.0,2.0,0,0,1
602,36.082750406372895,140.08136931885215,,184.6856523358774,2.0,2.0,0,0,1
603,36.08273271300381,140.0813675318653,,184.68565233587825,2.0,2.0,0,0,1
604,36.08271501963464,140.08136574487926,,184.68565233587742,2.0,2.0,0,0,1
605,36.08269732626538,140.08136395789398,,184.68565233587748,2.0,2.0,0,0,1
606,36.08267963289606,140.08136217090956,,184.68565233587825,2.0,2.0,0,0,1
607,36.08266193952665,140.08136038392593,,184.68565233587742,2.0,2.0,0,0,1
608,36.08264424615717,140.0813585969431,,184.68565233587825,2.0,2.0,0,0,1
609,36.082626552787595,140.08135680996102,,184.68565233587742,2.0,2.0,0,0,1
610,36.08260885941795,140.08135502297978,,184.68565233587827,2.0,2.0,0,0,1
611,36.08259116604823,140.08135323599933,,184.6856523358774,2.0,2.0,0,0,1
612,36.08257347267843,140.0813514490197,,223.5246105294834,2.0,2.0,0,0,1
613,36.08256279079214,140.08133894993176,,223.524610529482,2.0,2.0,0,0,1
614,36.082552108904515,140.08132645084723,,223.5246105294834,2.0,2.0,0,0,1
615,36.082541427015585,140.08131395176608,,223.524610529482,2.0,2.0,0,0,1
616,36.08253074512531,140.0813014526883,,223.5246105294834,2.0,2.0,0,0,1
617,36.08252006323372,140.0812889536139,,271.26556381622606,2.0,2.0,0,0,1
618,36.08252043180176,140.08126841759864,,271.26556381622515,2.0,2.0,0,0,1
619,36.082520800366275,140.08124788158315,,271.26556381622515,2.0,2.0,0,0,1
620,36.08252116892727,140.0812273455675,,271.26556381622606,2.0,2.0,0,0,1
621,36.08252153748475,140.08120680955165,,271.26556381622606,2.0,2.0,0,0,1
622,36.08252190603871,140.0811862735356,,271.26556381622515,2.0,2.0,0,0,1
623,36.082522274589145,140.08116573751934,,271.26556381622515,2.0,2.0,0,0,1
624,36.08252264313606,140.08114520150292,,271.26556381622606,2.0,2.0,0,0,1
625,36.08252301167946,140.0811246654863,,184.6856236008154,2.0,2.0,0,0,1
626,36.082506951555274,140.08112304351795,,184.6856236008154,2.0,2.0,0,0,1
627,36.08249089143102,140.08112142155028,,184.6856236008145,2.0,2.0,0,0,1
628,36.0824748313067,140.08111979958323,,184.6856236008154,2.0,2.0,0,0,1
629,36.08245877118231,140.0811181776169,,184.6856236008154,2.0,2.0,0,0,1
630,36.08244271105786,140.08111655565116,,184.6856236008154,2.0,2.0,0,0,1
631,36.08242665093334,140.08111493368614,,184.6856236008145,2.0,2.0,0,0,1
632,36.08241059080876,140.08111331172174,,184.6856236008154,2.0,2.0,0,0,1
633,36.08239453068413,140.08111168975802,,184.6856236008154,2.0,2.0,0,0,1
634,36.08237847055941,140.08111006779495,,98.69884585684963,2.0,2.0,0,0,1
635,36.08237576943649,140.08113181438756,,98.69884585685044,2.0,2.0,0,0,1
636,36.082373068309636,140.0811535609787,,98.69884585684974,2.0,2.0,0,0,1
637,36.082370367178825,140.08117530756834,,98.69884585685044,2.0,2.0,0,0,1
638,36.08236766604407,140.0811970541565,,98.69884585684963,2.0,2.0,0,0,1
639,36.082364964905366,140.08121880074316,,98.69884585685044,2.0,2.0,0,0,1
640,36.08236226376272,140.08124054732832,,98.69884585684974,2.0,2.0,0,0,1
641,36.082359562616126,140.08126229391203,,98.69884585685044,2.0,2.0,0,0,1
642,36.082356861465584,140.0812840404942,,98.69884585684963,2.0,2.0,0,0,1
643,36.082354160311084,140.08130578707494,,98.69884585684963,2.0,2.0,0,0,1
644,36.08235145915265,140.08132753365413,,98.69884585685044,2.0,2.0,0,0,1
645,36.08234875799027,140.08134928023188,,98.69884585684974,2.0,2.0,0,0,1
646,36.08234605682394,140.08137102680814,,98.69884585685044,2.0,2.0,0,0,1
647,36.08234335565366,140.0813927733829,,98.69884585684963,2.0,2.0,0,0,1
648,36.08234065447943,140.08141451995618,,98.69884585685044,2.0,2.0,0,0,1
649,36.08233795330126,140.08143626652796,,98.69884585684974,2.0,2.0,0,0,1
650,36.08233525211914,140.08145801309823,,98.69884585685044,2.0,2.0,0,0,1
651,36.082332550933074,140.08147975966705,,98.69884585684963,2.0,2.0,0,0,1
652,36.08232984974306,140.0815015062344,,80.93463115843494,2.0,2.0,0,0,1
653,36.082332549227345,140.08152235207092,,80.93463115843507,2.0,2.0,0,0,1
654,36.082335248708,140.08154319790887,,80.93463115843507,2.0,2.0,0,0,1
655,36.082337948185035,140.08156404374827,,80.93463115843494,2.0,2.0,0,0,1
656,36.08234064765844,140.08158488958907,,80.93463115843494,2.0,2.0,0,0,1
657,36.08234334712822,140.0816057354313,,80.93463115843507,2.0,2.0,0,0,1
658,36.082346046594374,140.08162658127497,,80.93463115843507,2.0,2.0,0,0,1
659,36.082348746056894,140.08164742712006,,80.93463115843494,2.0,2.0,0,0,1
660,36.08235144551579,140.08166827296657,,81.60825874979852,2.0,2.0,0,0,1
661,36.08235394611453,140.0816891587102,,81.60825874979852,2.0,2.0,0,0,1
662,36.082356446709625,140.0817100444551,,81.60825874979852,2.0,2.0,0,0,1
663,36.08235894730108,140.08173093020133,,81.60825874979756,2.0,2.0,0,0,1
664,36.0823614478889,140.08175181594893,,81.60825874979852,2.0,2.0,0,0,1
665,36.08236394847308,140.08177270169782,,81.60825874979852,2.0,2.0,0,0,1
666,36.082366449053616,140.08179358744803,,81.60825874979852,2.0,2.0,0,0,1
667,36.08236894963051,140.0818144731996,,4.860720092632505,2.0,2.0,0,0,1
668,36.08238667173696,140.08181633035647,,4.860720092633258,2.0,2.0,0,0,1
669,36.08240439384333,140.08181818751422,,4.860720092632505,2.0,2.0,0,0,1
670,36.08242211594962,140.08182004467275,,4.860720092633258,2.0,2.0,0,0,1
671,36.08243983805583,140.08182190183217,,4.860720092632505,2.0,2.0,0,0,1
672,36.082457560161956,140.0818237589924,,4.860720092633343,2.0,2.0,0,0,1
673,36.08247528226801,140.08182561615348,,4.860720092632448,2.0,2.0,0,0,1
674,36.08249300437397,140.08182747331534,,4.860720092633343,2.0,2.0,0,0,1
675,36.08251072647985,140.0818293304781,,4.860720092632448,2.0,2.0,0,0,1
676,36.082528448585656,140.08183118764165,,4.860720092633343,2.0,2.0,0,0,1
677,36.08254617069139,140.08183304480607,,4.860720092632505,2.0,2.0,0,0,1
678,36.082563892797026,140.0818349019713,,4.860720092633258,2.0,2.0,0,0,1
679,36.08258161490259,140.08183675913736,,4.860720092632505,2.0,2.0,0,0,1
680,36.08259933700806,140.08183861630425,,4.8607200926324765,2.0,2.0,0,0,1
681,36.08261705911347,140.081840473472,,4.860720092633315,2.0,2.0,0,0,1
682,36.08263478121878,140.08184233064057,,4.8607200926324765,2.0,2.0,0,0,1
683,36.08265250332401,140.08184418780996,,4.860720092633315,2.0,2.0,0,0,1
684,36.08267022542917,140.0818460449802,,4.860720092632505,2.0,2.0,0,0,1
685,36.08268794753424,140.08184790215128,,4.860720092633315,2.0,2.0,0,0,1
686,36.08270566963923,140.08184975932318,,4.8607200926324765,2.0,2.0,0,0,1
687,36.082723391744146,140.0818516164959,,4.860720092633315,2.0,2.0,0,0,1
688,36.08274111384898,140.0818534736695,,4.8607200926324765,2.0,2.0,0,0,1
689,36.082758835953726,140.0818553308439,,4.860720092633343,2.0,2.0,0,0,1
690,36.08277655805839,140.08185718801914,,4.8607200926324765,2.0,2.0,0,0,1
691,36.08279428016298,140.0818590451952,,4.8607200926324765,2.0,2.0,0,0,1
692,36.08281200226749,140.0818609023721,,4.860720092633315,2.0,2.0,0,0,1
693,36.08282972437191,140.08186275954984,,4.8607200926324765,2.0,2.0,0,0,1
694,36.08284744647625,140.0818646167284,,4.860720092633343,2.0,2.0,0,0,1
695,36.082865168580526,140.0818664739078,,4.860720092632448,2.0,2.0,0,0,1
696,36.08288289068471,140.08186833108806,,4.860720092633343,2.0,2.0,0,0,1
697,36.082900612788805,140.08187018826914,,4.8607200926324765,2.0,2.0,0,0,1
698,36.082918334892824,140.08187204545104,,4.860720092633315,2.0,2.0,0,0,1
699,36.08293605699676,140.0818739026338,,4.860720092632505,2.0,2.0,0,0,1
700,36.08295377910061,140.08187575981734,,4.860720092633315,2.0,2.0,0,0,1
701,36.0829715012044,140.08187761700174,,4.8607200926324765,2.0,2.0,0,0,1
702,36.08298922330809,140.081879474187,,4.860720092633315,2.0,2.0,0,0,1
703,36.0830069454117,140.08188133137307,,4.8607200926324765,2.0,2.0,0,0,1
704,36.08302466751523,140.08188318855997,,4.860720092632505,2.0,2.0,0,0,1
705,36.08304238961868,140.08188504574773,,4.860720092633315,2.0,2.0,0,0,1
706,36.08306011172205,140.08188690293628,,4.8607200926324765,2.0,2.0,0,0,1
707,36.083077833825335,140.0818887601257,,4.860720092633315,2.0,2.0,0,0,1
708,36.08309555592855,140.08189061731593,,4.8607200926324765,2.0,2.0,0,0,1
709,36.08311327803167,140.08189247450701,,4.860720092633315,2.0,2.0,0,0,1
710,36.08313100013472,140.08189433169892,,4.860720092632505,2.0,2.0,0,0,1
711,36.08314872223768,140.08189618889168,,4.860720092633315,2.0,2.0,0,0,1
712,36.08316644434056,140.08189804608523,,4.8607200926324765,2.0,2.0,0,0,1
713,36.08318416644337,140.08189990327966,,4.860720092633343,2.0,2.0,0,0,1
714,36.083201888546085,140.0819017604749,,4.8607200926324765,2.0,2.0,0,0,1
715,36.08321961064872,140.08190361767097,,4.860720092633258,2.0,2.0,0,0,1
716,36.083237332751274,140.08190547486788,,4.860720092632505,2.0,2.0,0,0,1
717,36.08325505485376,140.08190733206564,,4.685692607670802,2.0,2.0,0,0,1
718,36.08327268154467,140.08190911246675,,4.685692607671655,2.0,2.0,0,0,1
719,36.083290308235505,140.08191089286865,,4.685692607670802,2.0,2.0,0,0,1
720,36.08330793492628,140.08191267327135,,4.685692607670802,2.0,2.0,0,0,1
721,36.083325561616974,140.08191445367484,,4.685692607671655,2.0,2.0,0,0,1
722,36.08334318830757,140.08191623407916,,4.685692607670802,2.0,2.0,0,0,1
723,36.083360814998095,140.08191801448427,,4.6856926076708305,2.0,2.0,0,0,1
724,36.083378441688545,140.08191979489015,,4.685692607671626,2.0,2.0,0,0,1
725,36.083396068378924,140.08192157529683,,4.685692607670802,2.0,2.0,0,0,1
726,36.08341369506921,140.08192335570428,,4.685692607670802,2.0,2.0,0,0,1
727,36.08343132175943,140.08192513611257,,4.685692607671626,2.0,2.0,0,0,1
728,36.08344894844957,140.08192691652164,,4.6856926076708305,2.0,2.0,0,0,1
729,36.083466575139624,140.0819286969315,,4.685692607670802,2.0,2.0,0,0,1
730,36.0834842018296,140.08193047734213,,4.685692607671655,2.0,2.0,0,0,1
731,36.08350182851951,140.0819322577536,,4.6856926076708305,2.0,2.0,0,0,1
732,36.08351945520933,140.08193403816585,,4.685692607670802,2.0,2.0,0,0,1
733,36.08353708189907,140.08193581857887,,4.6856926076716405,2.0,2.0,0,0,1
734,36.083554708588736,140.0819375989927,,4.685692607670802,2.0,2.0,0,0,1
735,36.08357233527832,140.08193937940734,,4.6856926076708305,2.0,2.0,0,0,1
736,36.08358996196783,140.08194115982278,,4.685692607671626,2.0,2.0,0,0,1
737,36.083607588657266,140.081942940239,,4.685692607670802,2.0,2.0,0,0,1
738,36.08362521534662,140.081944720656,,4.685692607671626,2.0,2.0,0,0,1
739,36.08364284203589,140.0819465010738,,4.6856926076708305,2.0,2.0,0,0,1
740,36.08366046872509,140.0819482814924,,4.685692607670802,2.0,2.0,0,0,1
741,36.08367809541421,140.0819500619118,,4.685692607671655,2.0,2.0,0,0,1
742,36.08369572210324,140.08195184233202,,4.685692607670788,2.0,2.0,0,0,1
743,36.0837133487922,140.081953622753,,4.6856926076708305,2.0,2.0,0,0,1
744,36.08373097548109,140.0819554031748,,4.685692607671655,2.0,2.0,0,0,1
745,36.0837486021699,140.08195718359735,,4.685692607670802,2.0,2.0,0,0,1
746,36.08376622885862,140.0819589640207,,4.6856926076708305,2.0,2.0,0,0,1
747,36.08378385554727,140.08196074444487,,4.685692607671612,2.0,2.0,0,0,1
748,36.08380148223583,140.08196252486985,,4.6856926076708305,2.0,2.0,0,0,1
749,36.083819108924324,140.0819643052956,,4.6856926076708305,2.0,2.0,0,0,1
750,36.083836735612735,140.08196608572217,,4.685692607671626,2.0,2.0,0,0,1
751,36.08385436230107,140.0819678661495,,4.685692607670802,2.0,2.0,0,0,1
752,36.083871988989316,140.08196964657765,,4.685692607670802,2.0,2.0,0,0,1
753,36.0838896156775,140.08197142700658,,4.685692607671626,2.0,2.0,0,0,1
754,36.08390724236559,140.0819732074363,,4.685692607670845,2.0,2.0,0,0,1
755,36.08392486905361,140.08197498786686,,4.685692607670802,2.0,2.0,0,0,1
756,36.08394249574155,140.08197676829818,,4.685692607671626,2.0,2.0,0,0,1
757,36.08396012242942,140.0819785487303,,4.685692607670802,2.0,2.0,0,0,1
758,36.083977749117196,140.0819803291632,,274.7937712390854,2.0,2.0,0,0,1
759,36.083978884917755,140.0819636490876,,274.7937712390853,2.0,2.0,0,0,1
760,36.08398002071601,140.08194696901154,,274.7937712390855,2.0,2.0,0,0,1
761,36.08398115651193,140.08193028893498,,274.7937712390854,2.0,2.0,0,0,1
762,36.08398229230553,140.08191360885795,,4.685717171937057,2.0,2.0,0,0,1
763,36.083998655107706,140.08191526162418,,4.685717171937952,2.0,2.0,0,0,1
764,36.08401501790981,140.08191691439106,,4.685717171937057,2.0,2.0,0,0,1
765,36.08403138071185,140.08191856715865,,4.685717171937057,2.0,2.0,0,0,1
766,36.08404774351383,140.0819202199269,,4.685717171937938,2.0,2.0,0,0,1
767,36.08406410631573,140.08192187269583,,4.685717171937071,2.0,2.0,0,0,1
768,36.084080469117566,140.08192352546547,,94.79376529742474,2.0,2.0,0,0,1
769,36.08407927653428,140.081941039568,,94.79376529742449,2.0,2.0,0,0,1
770,36.08407808394844,140.08195855366995,,94.79376529742449,2.0,2.0,0,0,1
771,36.08407689136003,140.08197606777136,,94.79376529742474,2.0,2.0,0,0,1
772,36.08407569876907,140.0819935818723,,4.685730951511843,2.0,2.0,0,0,1
773,36.08409361987897,140.08199539206515,,4.685730951511843,2.0,2.0,0,0,1
774,36.08411154098881,140.0819972022588,,4.6857309515118715,2.0,2.0,0,0,1
775,36.08412946209855,140.0819990124533,,4.685730951511843,2.0,2.0,0,0,1
776,36.08414738320822,140.08200082264858,,4.685730951511843,2.0,2.0,0,0,1
777,36.08416530431781,140.08200263284473,,4.6857309515118715,2.0,2.0,0,0,1
778,36.08418322542731,140.08200444304168,,4.685730951511843,2.0,2.0,0,0,1
779,36.084201146536735,140.08200625323946,,4.6857309515118715,2.0,2.0,0,0,1
780,36.08421906764608,140.08200806343805,,4.685730951511843,2.0,2.0,0,0,1
781,36.08423698875534,140.08200987363745,,4.685730951511843,2.0,2.0,0,0,1
782,36.084254909864526,140.0820116838377,,4.6857309515118715,2.0,2.0,0,0,1
783,36.084272830973624,140.08201349403876,,4.685730951511843,2.0,2.0,0,0,1
784,36.08429075208264,140.08201530424063,,4.685730951511843,2.0,2.0,0,0,1
785,36.08430867319158,140.08201711444335,,4.685730951511843,2.0,2.0,0,0,1
786,36.084326594300435,140.08201892464686,,4.685730951511843,2.0,2.0,0,0,1
787,36.08434451540921,140.08202073485123,,4.6857309515118715,2.0,2.0,0,0,1
788,36.0843624365179,140.0820225450564,,4.6857309515118715,2.0,2.0,0,0,1
789,36.084380357626515,140.08202435526235,,4.685730951511843,2.0,2.0,0,0,1
790,36.084398278735044,140.0820261654692,,4.685730951511843,2.0,2.0,0,0,1
791,36.084416199843496,140.08202797567682,,4.6857309515119,2.0,2.0,0,0,1
792,36.08443412095187,140.08202978588525,,4.685730951511843,2.0,2.0,0,0,1
793,36.08445204206016,140.08203159609454,,317.377981817204,2.0,2.0,0,0,1
794,36.08446394435353,140.08201810280633,,317.377981817204,2.0,2.0,0,0,1
795,36.08447584664537,140.08200460951403,,317.377981817204,2.0,2.0,0,0,1
796,36.08448774893566,140.08199111621767,,317.37798181720336,2.0,2.0,0,0,1
797,36.08449965122441,140.08197762291724,,317.377981817204,2.0,2.0,0,0,1
798,36.08451155351162,140.08196412961274,,317.377981817204,2.0,2.0,0,0,1
799,36.08452345579728,140.08195063630419,,317.377981817204,2.0,2.0,0,0,1
800,36.08453535808141,140.08193714299153,,317.377981817204,2.0,2.0,0,0,1
801,36.084547260363976,140.08192364967485,,274.7937330730052,2.0,2.0,0,0,1
802,36.084548758516,140.081901647701,,274.7937330730048,2.0,2.0,0,0,1
803,36.08455025666399,140.08187964572627,,274.7937330730052,2.0,2.0,0,0,1
804,36.084551754807926,140.08185764375077,,274.7937330730052,2.0,2.0,0,0,1
805,36.08455325294782,140.0818356417744,,274.7937330730049,2.0,2.0,0,0,1
806,36.084554751083694,140.0818136397972,,274.7937330730052,2.0,2.0,0,0,1
807,36.08455624921551,140.08179163781915,,274.7937330730052,2.0,2.0,0,0,1
808,36.0845577473433,140.0817696358403,,274.7937330730049,2.0,2.0,0,0,1
809,36.08455924546704,140.08174763386057,,274.7937330730052,2.0,2.0,0,0,1
810,36.08456074358674,140.08172563188003,,274.7937330730052,2.0,2.0,0,0,1
811,36.0845622417024,140.08170362989867,,274.7937330730049,2.0,2.0,0,0,1
812,36.08456373981403,140.08168162791645,,274.7937330730052,2.0,2.0,0,0,1
813,36.08456523792162,140.0816596259334,,274.7937330730052,2.0,2.0,0,0,1
814,36.08456673602517,140.08163762394952,,274.7937330730048,2.0,2.0,0,0,1
815,36.084568234124674,140.0816156219648,,274.7937330730052,2.0,2.0,0,0,1
816,36.08456973222014,140.08159361997923,,274.7937330730052,2.0,2.0,0,0,1
817,36.08457123031156,140.08157161799286,,274.7937330730049,2.0,2.0,0,0,1
818,36.08457272839895,140.08154961600565,,274.7937330730052,2.0,2.0,0,0,1
819,36.0845742264823,140.08152761401757,,274.7937330730052,2.0,2.0,0,0,1
820,36.08457572456161,140.08150561202868,,274.7937330730049,2.0,2.0,0,0,1
821,36.084577222636874,140.08148361003896,,274.7937330730052,2.0,2.0,0,0,1
822,36.08457872070811,140.0814616080484,,274.7937330730052,2.0,2.0,0,0,1
823,36.0845802187753,140.081439606057,,274.7937330730049,2.0,2.0,0,0,1
824,36.08458171683845,140.08141760406477,,274.7937330730052,2.0,2.0,0,0,1
825,36.084583214897556,140.0813956020717,,274.7937330730052,2.0,2.0,0,0,1
826,36.084584712952626,140.0813736000778,,274.7937330730049,2.0,2.0,0,0,1
827,36.08458621100366,140.08135159808305,,274.7937330730052,2.0,2.0,0,0,1
828,36.08458770905065,140.08132959608747,,274.7937330730052,2.0,2.0,0,0,1
829,36.0845892070936,140.08130759409104,,274.7937330730048,2.0,2.0,0,0,1
830,36.08459070513252,140.08128559209382,,274.7937330730052,2.0,2.0,0,0,1
831,36.08459220316739,140.08126359009574,,274.7937330730052,2.0,2.0,0,0,1
832,36.08459370119822,140.08124158809682,,274.7937330730049,2.0,2.0,0,0,1
833,36.08459519922503,140.08121958609706,,274.7937330730052,2.0,2.0,0,0,1
834,36.084596697247775,140.08119758409646,,274.7937330730052,2.0,2.0,0,0,1
835,36.08459819526649,140.08117558209506,,274.7937330730048,2.0,2.0,0,0,1
836,36.08459969328116,140.08115358009277,,274.7937330730052,2.0,2.0,0,0,1
837,36.084601191291796,140.08113157808972,,274.7937330730052,2.0,2.0,0,0,1
838,36.08460268929839,140.08110957608577,,274.7937330730049,2.0,2.0,0,0,1
839,36.084604187300954,140.081087574081,,274.7937330730052,2.0,2.0,0,0,1
840,36.084605685299465,140.08106557207543,,274.7937330730052,2.0,2.0,0,0,1
841,36.08460718329394,140.08104357006897,,274.7937330730048,2.0,2.0,0,0,1
842,36.08460868128439,140.08102156806171,,274.7937330730052,2.0,2.0,0,0,1
843,36.08461017927078,140.0809995660536,,274.7937330730052,2.0,2.0,0,0,1
844,36.084611677253136,140.0809775640447,,274.7937330730048,2.0,2.0,0,0,1
845,36.08461317523145,140.0809555620349,,274.7937330730052,2.0,2.0,0,0,1
846,36.084614673205735,140.0809335600243,,274.7937330730052,2.0,2.0,0,0,1
847,36.08461617117597,140.08091155801284,,274.79373307300483,2.0,2.0,0,0,1
848,36.084617669142176,140.08088955600059,,274.7937330730052,2.0,2.0,0,0,1
849,36.084619167104336,140.08086755398747,,274.7937330730052,2.0,2.0,0,0,1
850,36.08462066506246,140.08084555197354,,274.79373307300483,2.0,2.0,0,0,1
851,36.08462216301654,140.08082354995875,,274.7937330730052,2.0,2.0,0,0,1
852,36.084623660966585,140.08080154794314,,274.7937330730052,2.0,2.0,0,0,1
853,36.08462515891257,140.08077954592667,,274.79373307300483,2.0,2.0,0,0,1
854,36.084626656854546,140.08075754390939,,274.7937330730052,2.0,2.0,0,0,1
855,36.08462815479246,140.08073554189124,,274.7937330730052,2.0,2.0,0,0,1
856,36.08462965272635,140.0807135398723,,274.7937330730049,2.0,2.0,0,0,1
857,36.084631150656186,140.08069153785252,,274.7937330730052,2.0,2.0,0,0,1
858,36.084632648581994,140.08066953583187,,274.7937330730052,2.0,2.0,0,0,1
859,36.08463414650376,140.08064753381043,,274.7937330730048,2.0,2.0,0,0,1
860,36.08463564442149,140.08062553178812,,274.7937330730052,2.0,2.0,0,0,1
861,36.08463714233517,140.080603529765,,274.7937330730052,2.0,2.0,0,0,1
862,36.084638640244805,140.080581527741,,274.79373307300483,2.0,2.0,0,0,1
863,36.08464013815042,140.0805595257162,,274.7937330730052,2.0,2.0,0,0,1
864,36.08464163605199,140.0805375236906,,274.7937330730052,2.0,2.0,0,0,1
865,36.08464313394951,140.0805155216641,,274.7937330730049,2.0,2.0,0,0,1
866,36.084644631843,140.0804935196368,,274.7937330730052,2.0,2.0,0,0,1
867,36.08464612973245,140.08047151760866,,274.7937330730052,2.0,2.0,0,0,1
868,36.084647627617855,140.0804495155797,,274.7937330730048,2.0,2.0,0,0,1
869,36.08464912549922,140.08042751354986,,274.7937330730052,2.0,2.0,0,0,1
870,36.084650623376554,140.08040551151925,,274.7937330730052,2.0,2.0,0,0,1
871,36.08465212124984,140.08038350948775,,274.7937330730049,2.0,2.0,0,0,1
872,36.08465361911909,140.08036150745542,,274.7937330730052,2.0,2.0,0,0,1
873,36.0846551169843,140.08033950542227,,274.7937330730052,2.0,2.0,0,0,1
874,36.08465661484547,140.0803175033883,,274.7937330730049,2.0,2.0,0,0,1
875,36.0846581127026,140.08029550135348,,274.7937330730052,2.0,2.0,0,0,1
876,36.08465961055568,140.08027349931783,,274.7937330730052,2.0,2.0,0,0,1
877,36.084661108404745,140.08025149728132,,274.7937330730049,2.0,2.0,0,0,1
878,36.08466260624974,140.080229495244,,274.7937330730052,2.0,2.0,0,0,1
879,36.08466410409073,140.08020749320585,,274.7937330730052,2.0,2.0,0,0,1
880,36.084665601927654,140.08018549116684,,274.7937330730048,2.0,2.0,0,0,1
881,36.084667099760544,140.08016348912702,,274.7937330730052,2.0,2.0,0,0,1
882,36.0846685975894,140.08014148708634,,274.7937330730052,2.0,2.0,0,0,1
883,36.08467009541421,140.08011948504483,,274.7937330730049,2.0,2.0,0,0,1
884,36.08467159323499,140.0800974830025,,274.7937330730052,2.0,2.0,0,0,1
885,36.08467309105172,140.08007548095932,,243.25919884561756,2.0,2.0,0,0,1
886,36.08466576744871,140.08005757323943,,243.25919884561765,2.0,2.0,0,0,1
887,36.08465844384302,140.08003966552283,,243.25919884561796,2.0,2.0,0,0,1
888,36.08465112023463,140.0800217578096,,243.25919884561765,2.0,2.0,0,0,1
889,36.084643796623574,140.08000385009962,,243.25919884561756,2.0,2.0,0,0,1
890,36.08463647300982,140.07998594239302,,243.25919884561765,2.0,2.0,0,0,1
891,36.08462914939339,140.07996803468973,,243.25919884561796,2.0,2.0,0,0,1
892,36.08462182577427,140.07995012698973,,243.25919884561765,2.0,2.0,0,0,1
893,36.084614502152455,140.07993221929306,,243.25919884561756,2.0,2.0,0,0,1
894,36.084607178527975,140.07991431159974,,274.79373289069804,2.0,2.0,0,0,1
895,36.084608654682434,140.07989262728987,,274.79373289069804,2.0,2.0,0,0,1
896,36.08461013083297,140.07987094297917,,274.79373289069804,2.0,2.0,0,0,1
897,36.08461160697958,140.0798492586677,,274.7937328906976,2.0,2.0,0,0,1
898,36.084613083122264,140.0798275743554,,274.79373289069804,2.0,2.0,0,0,1
899,36.08461455926103,140.07980589004228,,274.79373289069804,2.0,2.0,0,0,1
900,36.08461603539587,140.07978420572834,,274.79373289069804,2.0,2.0,0,0,1
901,36.08461751152679,140.0797625214136,,274.79373289069804,2.0,2.0,0,0,1
902,36.084618987653776,140.07974083709806,,184.6857120880407,2.0,2.0,0,0,1
903,36.08460102488249,140.07973902320845,,184.6857120880407,2.0,2.0,0,0,1
904,36.084583062111115,140.0797372093197,,184.6857120880406,2.0,2.0,0,0,1
905,36.08456509933967,140.07973539543173,,184.6857120880407,2.0,2.0,0,0,1
906,36.08454713656814,140.07973358154462,,184.6857120880407,2.0,2.0,0,0,1
907,36.08452917379653,140.0797317676583,,184.6857120880407,2.0,2.0,0,0,1
908,36.08451121102484,140.07972995377284,,184.6857120880407,2.0,2.0,0,0,1
909,36.08449324825307,140.0797281398882,,184.6857120880407,2.0,2.0,0,0,1
910,36.0844752854812,140.0797263260044,,184.68571208804065,2.0,2.0,0,0,1
911,36.08445732270927,140.07972451212137,,184.6857120880407,2.0,2.0,0,0,1
912,36.08443935993725,140.0797226982392,,184.6857120880407,2.0,2.0,0,0,1
913,36.084421397165144,140.07972088435787,,184.6857120880407,2.0,2.0,0,0,1
914,36.08440343439296,140.07971907047735,,184.6857120880407,2.0,2.0,0,0,1
915,36.08438547162069,140.07971725659766,,184.68571208804065,2.0,2.0,0,0,1
916,36.08436750884835,140.07971544271876,,184.6857120880407,2.0,2.0,0,0,1
917,36.08434954607593,140.07971362884072,,184.6857120880407,2.0,2.0,0,0,1
918,36.08433158330342,140.0797118149635,,184.68571208804076,2.0,2.0,0,0,1
919,36.08431362053082,140.07971000108714,,184.6857120880407,2.0,2.0,0,0,1
920,36.084295657758155,140.07970818721154,,184.68571208804065,2.0,2.0,0,0,1
921,36.0842776949854,140.07970637333682,,184.6857120880407,2.0,2.0,0,0,1
922,36.084259732212566,140.0797045594629,,184.6857120880407,2.0,2.0,0,0,1
923,36.08424176943964,140.07970274558977,,184.6857120880407,2.0,2.0,0,0,1
924,36.08422380666665,140.07970093171753,,184.6857120880407,2.0,2.0,0,0,1
925,36.08420584389357,140.07969911784608,,184.6857120880407,2.0,2.0,0,0,1
926,36.08418788112041,140.07969730397548,,184.6857120880406,2.0,2.0,0,0,1
927,36.084169918347165,140.07969549010568,,184.6857120880407,2.0,2.0,0,0,1
928,36.08415195557384,140.0796936762367,,184.6857120880407,2.0,2.0,0,0,1
929,36.08413399280044,140.07969186236855,,184.6857120880407,2.0,2.0,0,0,1
930,36.084116030026955,140.07969004850122,,184.6857120880407,2.0,2.0,0,0,1
931,36.08409806725338,140.07968823463474,,184.68571208804065,2.0,2.0,0,0,1
932,36.08408010447973,140.0796864207691,,184.6857120880407,2.0,2.0,0,0,1
933,36.084062141706,140.07968460690424,,184.6857120880407,2.0,2.0,0,0,1
934,36.08404417893219,140.07968279304023,,184.6857120880407,2.0,2.0,0,0,1
935,36.084026216158286,140.07968097917703,,184.6857120880407,2.0,2.0,0,0,1
936,36.08400825338432,140.07967916531467,,184.68571208804065,2.0,2.0,0,0,1
937,36.08399029061026,140.07967735145314,,184.6857120880407,2.0,2.0,0,0,1
938,36.08397232783612,140.0796755375924,,184.6857120880407,2.0,2.0,0,0,1
939,36.0839543650619,140.07967372373253,,184.6857120880407,2.0,2.0,0,0,1
940,36.0839364022876,140.07967190987344,,184.6857120880407,2.0,2.0,0,0,1
941,36.08391843951321,140.07967009601524,,184.68571208804065,2.0,2.0,0,0,1
942,36.08390047673874,140.0796682821578,,184.6857120880407,2.0,2.0,0,0,1
943,36.08388251396421,140.0796664683012,,184.6857120880407,2.0,2.0,0,0,1
944,36.08386455118958,140.07966465444545,,184.6857120880407,2.0,2.0,0,0,1
945,36.083846588414865,140.07966284059052,,184.6857120880407,2.0,2.0,0,0,1
946,36.08382862564008,140.0796610267364,,184.6857120880407,2.0,2.0,0,0,1
947,36.083810662865204,140.07965921288312,,184.6857120880407,2.0,2.0,0,0,1
948,36.08379270009025,140.07965739903065,,184.6857120880407,2.0,2.0,0,0,1
949,36.08377473731522,140.079655585179,,184.6857120880407,2.0,2.0,0,0,1
950,36.0837567745401,140.0796537713282,,184.6857120880407,2.0,2.0,0,0,1
951,36.0837388117649,140.0796519574782,,184.6857120880407,2.0,2.0,0,0,1
952,36.08372084898962,140.07965014362904,,184.6857120880407,2.0,2.0,0,0,1
953,36.08370288621426,140.07964832978072,,184.6857120880407,2.0,2.0,0,0,1
954,36.083684923438824,140.0796465159332,,184.6857120880407,2.0,2.0,0,0,1
955,36.0836669606633,140.0796447020865,,184.6857120880407,2.0,2.0,0,0,1
956,36.0836489978877,140.07964288824064,,184.6857120880407,2.0,2.0,0,0,1
957,36.083631035112006,140.07964107439562,,184.6857120880407,2.0,2.0,0,0,1
958,36.08361307233625,140.0796392605514,,184.6857120880407,2.0,2.0,0,0,1
959,36.08359510956039,140.079637446708,,184.6857120880407,2.0,2.0,0,0,1
960,36.083577146784464,140.07963563286543,,184.6857120880407,2.0,2.0,0,0,1
961,36.08355918400845,140.07963381902374,,184.68571208804065,2.0,2.0,0,0,1
962,36.083541221232366,140.07963200518282,,184.6857120880407,2.0,2.0,0,0,1
963,36.08352325845619,140.07963019134274,,184.6857120880407,2.0,2.0,0,0,1
964,36.08350529567993,140.07962837750347,,184.6857120880407,2.0,2.0,0,0,1
965,36.083487332903594,140.07962656366504,,184.6857120880407,2.0,2.0,0,0,1
966,36.08346937012717,140.07962474982742,,184.6857120880407,2.0,2.0,0,0,1
967,36.08345140735067,140.07962293599064,,184.6857120880407,2.0,2.0,0,0,1
968,36.083433444574084,140.0796211221547,,184.6857120880407,2.0,2.0,0,0,1
969,36.08341548179743,140.07961930831954,,184.6857120880407,2.0,2.0,0,0,1
970,36.08339751902069,140.07961749448523,,184.68571208804065,2.0,2.0,0,0,1
971,36.08337955624386,140.07961568065176,,184.6857120880407,2.0,2.0,0,0,1
972,36.083361593466954,140.0796138668191,,184.68571208804065,2.0,2.0,0,0,1
973,36.08334363068997,140.07961205298727,,184.6857120880407,2.0,2.0,0,0,1
974,36.0833256679129,140.07961023915627,,184.68571208804082,2.0,2.0,0,0,1
975,36.083307705135745,140.0796084253261,,184.6857120880406,2.0,2.0,0,0,1
976,36.08328974235852,140.0796066114967,,184.6857120880407,2.0,2.0,0,0,1
977,36.0832717795812,140.07960479766817,,274.7938099643078,2.0,2.0,0,0,1
978,36.08327327545126,140.07958282363296,,274.79380996430797,2.0,2.0,0,0,1
979,36.0832747713173,140.07956084959693,,274.7938099643078,2.0,2.0,0,0,1
980,36.08327626717931,140.07953887556002,,274.79380996430797,2.0,2.0,0,0,1
981,36.08327776303728,140.0795169015223,,274.7938099643078,2.0,2.0,0,0,1
982,36.08327925889122,140.07949492748375,,274.79380996430797,2.0,2.0,0,0,1
983,36.08328075474113,140.07947295344437,,274.7938099643078,2.0,2.0,0,0,1
984,36.08328225058702,140.07945097940413,,274.79380996430797,2.0,2.0,0,0,1
985,36.08328374642888,140.0794290053631,,274.7938099643078,2.0,2.0,0,0,1
986,36.083285242266705,140.0794070313212,,274.79380996430797,2.0,2.0,0,0,1
987,36.083286738100504,140.0793850572785,,274.7938099643078,2.0,2.0,0,0,1
988,36.083288233930276,140.07936308323497,,274.79380996430797,2.0,2.0,0,0,1
989,36.08328972975601,140.07934110919055,,274.7938099643078,2.0,2.0,0,0,1
990,36.083291225577725,140.07931913514534,,274.79380996430797,2.0,2.0,0,0,1
991,36.08329272139541,140.0792971610993,,274.7938099643078,2.0,2.0,0,0,1
992,36.08329421720906,140.07927518705245,,274.79380996430797,2.0,2.0,0,0,1
993,36.08329571301868,140.0792532130047,,274.7938099643078,2.0,2.0,0,0,1
994,36.08329720882427,140.07923123895617,,274.793809964308,2.0,2.0,0,0,1
995,36.08329870462584,140.0792092649068,,274.7938099643078,2.0,2.0,0,0,1
996,36.083300200423366,140.0791872908566,,274.79380996430797,2.0,2.0,0,0,1
997,36.08330169621688,140.07916531680556,,274.7938099643078,2.0,2.0,0,0,1
998,36.083303192006355,140.07914334275367,,274.7938099643078,2.0,2.0,0,0,1
999,36.0833046877918,140.07912136870095,,274.79380996430797,2.0,2.0,0,0,1
1000,36.08330618357322,140.07909939464744,,274.79380996430797,2.0,2.0,0,0,1
1001,36.083307679350604,140.07907742059308,,274.7938099643078,2.0,2.0,0,0,1
1002,36.083309175123965,140.07905544653786,,274.7938099643078,2.0,2.0,0,0,1
1003,36.0833106708933,140.07903347248183,,274.79380996430797,2.0,2.0,0,0,1
1004,36.083312166658594,140.07901149842496,,274.7938099643078,2.0,2.0,0,0,1
1005,36.08331366241986,140.07898952436727,,274.793809964308,2.0,2.0,0,0,1
1006,36.083315158177115,140.07896755030873,,274.7938099643078,2.0,2.0,0,0,1
1007,36.08331665393032,140.07894557624937,,274.79380996430797,2.0,2.0,0,0,1
1008,36.0833181496795,140.07892360218918,,274.7938099643078,2.0,2.0,0,0,1
1009,36.08331964542466,140.07890162812814,,274.79380996430797,2.0,2.0,0,0,1
1010,36.08332114116578,140.0788796540663,,274.7938099643078,2.0,2.0,0,0,1
1011,36.08332263690288,140.07885768000358,,274.79380996430797,2.0,2.0,0,0,1
1012,36.08332413263594,140.07883570594007,,274.7938099643078,2.0,2.0,0,0,1
1013,36.083325628364975,140.0788137318757,,274.79380996430797,2.0,2.0,0,0,1
1014,36.08332712408998,140.07879175781054,,274.79380996430774,2.0,2.0,0,0,1
1015,36.08332861981096,140.07876978374452,,274.79380996430797,2.0,2.0,0,0,1
1016,36.083330115527914,140.07874780967765,,274.7938099643078,2.0,2.0,0,0,1
1017,36.08333161124083,140.07872583560993,,274.79380996430797,2.0,2.0,0,0,1
1018,36.083333106949716,140.0787038615414,,274.79380996430785,2.0,2.0,0,0,1
1019,36.083334602654574,140.0786818874721,,274.79380996430797,2.0,2.0,0,0,1
1020,36.08333609835542,140.0786599134019,,274.7938099643078,2.0,2.0,0,0,1
1021,36.08333759405221,140.0786379393309,,274.7938099643079,2.0,2.0,0,0,1
1022,36.08333908974498,140.07861596525905,,274.79380996430785,2.0,2.0,0,0,1
1023,36.08334058543374,140.07859399118635,,274.7938099643078,2.0,2.0,0,0,1
1024,36.08334208111844,140.07857201711283,,274.79380996430797,2.0,2.0,0,0,1
1025,36.08334357679912,140.0785500430385,,274.79380996430797,2.0,2.0,0,0,1
1026,36.08334507247578,140.07852806896332,,274.7938099643078,2.0,2.0,0,0,1
1027,36.083346568148414,140.0785060948873,,274.7938099643078,2.0,2.0,0,0,1
1028,36.08334806381701,140.07848412081046,,274.79380996430797,2.0,2.0,0,0,1
1029,36.08334955948157,140.0784621467328,,274.7938099643078,2.0,2.0,0,0,1
1030,36.08335105514211,140.07844017265427,,274.79380996430797,2.0,2.0,0,0,1
1031,36.08335255079862,140.07841819857495,,274.7938099643078,2.0,2.0,0,0,1
1032,36.0833540464511,140.07839622449478,,274.79380996430797,2.0,2.0,0,0,1
1033,36.083355542099554,140.07837425041376,,274.79380996430785,2.0,2.0,0,0,1
1034,36.08335703774397,140.07835227633194,,274.79380996430797,2.0,2.0,0,0,1
1035,36.08335853338436,140.07833030224927,,274.7938099643078,2.0,2.0,0,0,1
1036,36.08336002902072,140.07830832816578,,274.79380996430797,2.0,2.0,0,0,1
1037,36.08336152465306,140.07828635408143,,274.7938099643078,2.0,2.0,0,0,1
1038,36.08336302028136,140.07826437999628,,274.79380996430797,2.0,2.0,0,0,1
1039,36.08336451590563,140.0782424059103,,274.7938099643078,2.0,2.0,0,0,1
1040,36.083366011525875,140.07822043182344,,274.7938099643078,2.0,2.0,0,0,1
1041,36.08336750714209,140.0781984577358,,274.79380996430797,2.0,2.0,0,0,1
1042,36.08336900275428,140.0781764836473,,274.79380996430797,2.0,2.0,0,0,1
1043,36.08337049836243,140.07815450955798,,274.7938099643078,2.0,2.0,0,0,1
1044,36.08337199396656,140.0781325354678,,274.7938099643078,2.0,2.0,0,0,1
1045,36.083373489566654,140.07811056137683,,274.79380996430797,2.0,2.0,0,0,1
1046,36.08337498516273,140.078088587285,,274.79380996430797,2.0,2.0,0,0,1
1047,36.08337648075477,140.07806661319233,,274.7938099643078,2.0,2.0,0,0,1
1048,36.083377976342774,140.07804463909886,,274.79380996430785,2.0,2.0,0,0,1
1049,36.083379471926754,140.07802266500454,,274.79380996430797,2.0,2.0,0,0,1
1050,36.0833809675067,140.0780006909094,,274.7938099643078,2.0,2.0,0,0,1
1051,36.08338246308263,140.07797871681342,,274.79380996430797,2.0,2.0,0,0,1
1052,36.08338395865452,140.07795674271662,,274.7938099643078,2.0,2.0,0,0,1
1053,36.08338545422238,140.07793476861897,,274.79380996430797,2.0,2.0,0,0,1
1054,36.08338694978622,140.0779127945205,,274.79380996430797,2.0,2.0,0,0,1
1055,36.083388445346024,140.07789082042117,,274.7938099643078,2.0,2.0,0,0,1
1056,36.0833899409018,140.07786884632102,,274.7938099643078,2.0,2.0,0,0,1
1057,36.083391436453546,140.07784687222008,,274.79380996430797,2.0,2.0,0,0,1
1058,36.08339293200126,140.07782489811825,,274.7938099643078,2.0,2.0,0,0,1
1059,36.08339442754495,140.0778029240156,,274.793809964308,2.0,2.0,0,0,1
1060,36.0833959230846,140.07778094991212,,274.7938099643078,2.0,2.0,0,0,1
1061,36.08339741862023,140.07775897580785,,274.79380996430797,2.0,2.0,0,0,1
1062,36.08339891415183,140.0777370017027,,274.7938099643078,2.0,2.0,0,0,1
1063,36.083400409679406,140.07771502759675,,274.79380996430797,2.0,2.0,0,0,1
1064,36.08340190520294,140.07769305348995,,274.7938099643078,2.0,2.0,0,0,1
1065,36.08340340072246,140.0776710793823,,274.7938099643078,2.0,2.0,0,0,1
1066,36.08340489623793,140.07764910527385,,274.7938099643079,2.0,2.0,0,0,1
1067,36.083406391749385,140.07762713116458,,274.793809964308,2.0,2.0,0,0,1
1068,36.08340788725681,140.07760515705442,,274.7938099643078,2.0,2.0,0,0,1
1069,36.0834093827602,140.0775831829435,,295.2869818974644,2.0,2.0,0,0,1
1070,36.08341661601294,140.07756431942386,,295.28698189746456,2.0,2.0,0,0,1
1071,36.0834238492627,140.07754545590083,,295.286981897464,2.0,2.0,0,0,1
1072,36.083431082509485,140.0775265923743,,295.2869818974644,2.0,2.0,0,0,1
1073,36.083438315753284,140.07750772884432,,295.28698189746456,2.0,2.0,0,0,1
1074,36.083445548994106,140.07748886531093,,295.2869818974644,2.0,2.0,0,0,1
1075,36.08345278223195,140.07747000177406,,302.1489450663722,2.0,2.0,0,0,1
1076,36.083462288098254,140.0774513676546,,302.1489450663722,2.0,2.0,0,0,1
1077,36.083471793961614,140.07743273353066,,302.14894506637233,2.0,2.0,0,0,1
1078,36.08348129982208,140.07741409940223,,302.1489450663718,2.0,2.0,0,0,1
1079,36.08349080567964,140.0773954652693,,302.1489450663722,2.0,2.0,0,0,1
1080,36.08350031153427,140.0773768311319,,302.1489450663722,2.0,2.0,0,0,1
1081,36.083509817386,140.07735819699,,274.7937993013953,2.0,2.0,0,0,1
1082,36.083511179582565,140.07733818093809,,274.7937993013953,2.0,2.0,0,0,1
1083,36.08351254177578,140.07731816488547,,274.7937993013953,2.0,2.0,0,0,1
1084,36.08351390396565,140.07729814883217,,274.7937993013953,2.0,2.0,0,0,1
1085,36.0835152661522,140.07727813277816,,274.7937993013953,2.0,2.0,0,0,1
1086,36.08351662833538,140.0772581167235,,274.7937993013951,2.0,2.0,0,0,1
1087,36.083517990515226,140.07723810066813,,274.7937993013953,2.0,2.0,0,0,1
1088,36.08351935269173,140.07721808461204,,274.7937993013953,2.0,2.0,0,0,1
1089,36.083520714864896,140.0771980685553,,274.7937993013953,2.0,2.0,0,0,1
1090,36.083522077034715,140.07717805249786,,274.7937993013953,2.0,2.0,0,0,1
1091,36.08352343920119,140.07715803643973,,243.3696927649095,2.0,2.0,0,0,1
1092,36.08351559730685,140.07713877073758,,243.36969276490902,2.0,2.0,0,0,1
1093,36.08350775540941,140.07711950503924,,243.3696927649091,2.0,2.0,0,0,1
1094,36.08349991350886,140.07710023934473,,243.3696927649095,2.0,2.0,0,0,1
1095,36.0834920716052,140.07708097365403,,243.3696927649094,2.0,2.0,0,0,1
1096,36.08348422969844,140.0770617079672,,243.3696927649091,2.0,2.0,0,0,1
1097,36.08347638778857,140.07704244228415,,196.10909834107605,2.0,2.0,0,0,1
1098,36.0834605699322,140.0770368148588,,196.10909834107696,2.0,2.0,0,0,1
1099,36.083444752075515,140.0770311874357,,196.1090983410769,2.0,2.0,0,0,1
1100,36.083428934218524,140.07702556001482,,196.10909834107613,2.0,2.0,0,0,1
1101,36.08341311636123,140.0770199325962,,196.10909834107605,2.0,2.0,0,0,1
1102,36.08339729850363,140.07701430517986,,196.1090983410769,2.0,2.0,0,0,1
1103,36.08338148064571,140.07700867776575,,196.10909834107696,2.0,2.0,0,0,1
1104,36.083365662787514,140.0770030503539,,196.10909834107605,2.0,2.0,0,0,1
1105,36.08334984492899,140.07699742294432,,196.10909834107613,2.0,2.0,0,0,1
1106,36.083334027070165,140.07699179553697,,196.1090983410769,2.0,2.0,0,0,1
1107,36.083318209211036,140.07698616813192,,183.68756617085484,2.0,2.0,0,0,1
1108,36.083300911892366,140.0769847953053,,183.68756617085484,2.0,2.0,0,0,1
1109,36.08328361457362,140.0769834224793,,183.68756617085404,2.0,2.0,0,0,1
1110,36.08326631725481,140.0769820496539,,183.68756617085484,2.0,2.0,0,0,1
1111,36.08324901993594,140.07698067682907,,183.68756617085484,2.0,2.0,0,0,1
1112,36.08323172261699,140.07697930400488,,183.68756617085484,2.0,2.0,0,0,1
1113,36.08321442529799,140.07697793118126,,183.68756617085404,2.0,2.0,0,0,1
1114,36.08319712797891,140.07697655835827,,183.68756617085484,2.0,2.0,0,0,1
1115,36.08317983065978,140.07697518553587,,183.68756617085484,2.0,2.0,0,0,1
1116,36.08316253334058,140.07697381271407,,177.38533739510254,2.0,2.0,0,0,1
1117,36.083145443205936,140.0769747747273,,177.38533739510166,2.0,2.0,0,0,1
1118,36.083128353071245,140.07697573674005,,177.38533739510254,2.0,2.0,0,0,1
1119,36.0831112629365,140.07697669875245,,177.38533739510254,2.0,2.0,0,0,1
1120,36.08309417280169,140.0769776607644,,177.38533739510254,2.0,2.0,0,0,1
1121,36.083077082666826,140.07697862277593,,177.38533739510166,2.0,2.0,0,0,1
1122,36.08305999253191,140.07697958478707,,177.38533739510254,2.0,2.0,0,0,1
1123,36.08304290239693,140.07698054679776,,177.3853373951025,2.0,2.0,0,0,1
1124,36.0830258122619,140.07698150880805,,177.38533739510257,2.0,2.0,0,0,1
1125,36.08300872212682,140.07698247081794,,177.38533739510166,2.0,2.0,0,0,1
1126,36.08299163199167,140.0769834328274,,177.38533739510254,2.0,2.0,0,0,1
1127,36.082974541856466,140.07698439483644,,177.38533739510254,2.0,2.0,0,0,1
1128,36.082957451721214,140.07698535684506,,177.38533739510254,2.0,2.0,0,0,1
1129,36.08294036158589,140.07698631885327,,177.38533739510166,2.0,2.0,0,0,1
1130,36.08292327145052,140.07698728086106,,177.38533739510254,2.0,2.0,0,0,1
1131,36.082906181315096,140.07698824286845,,94.79383671473988,2.0,2.0,0,0,1
1132,36.08290470565358,140.07700992676504,,94.79383671474022,2.0,2.0,0,0,1
1133,36.082903229988155,140.07703161066087,,94.79383671473988,2.0,2.0,0,0,1
1134,36.08290175431878,140.07705329455587,,94.79383671473981,2.0,2.0,0,0,1
1135,36.08290027864551,140.07707497845007,,94.7938367147403,2.0,2.0,0,0,1
1136,36.08289880296831,140.07709666234345,,94.79383671473988,2.0,2.0,0,0,1
1137,36.08289732728717,140.077118346236,,94.79383671473981,2.0,2.0,0,0,1
1138,36.082895851602125,140.07714003012777,,94.79383671473988,2.0,2.0,0,0,1
1139,36.082894375913156,140.0771617140187,,94.79383671474022,2.0,2.0,0,0,1
1140,36.08289290022025,140.07718339790887,,94.79383671473988,2.0,2.0,0,0,1
1141,36.082891424523424,140.0772050817982,,90.0,2.0,2.0,0,0,1
