label,latitude,longitude,altitude,heading_deg,right_is_open,left_is_open,line_is_stop,signal_is_stop,isnot_skipnum,node,utm_x,utm_y,x_rotated,y_rotated,error_before,error_after
0,35.6497271,139.5025968,0,107.100829,0,0,0,0,1,-1,4.20628243673241,-0.033395846837277,3.98021066404295,-0.705587034005115,0.171319371157232,0.709189282570642
1,35.6497169,139.5026376,0,106.554694,0,0,0,0,1,-1,7.89695605835758,-1.16885465275122,7.95727492517047,-1.51938687684454,0.922968487382095,0.355684137714071
2,35.6497069,139.502679,0,96.706770,0,0,0,0,1,-1,11.6419042939937,-2.28204956103729,11.8737711396915,-2.53880050125019,1.68461679354222,0.345952712713808
3,35.6497026,139.502724,0,102.554030,0,0,0,0,1,-1,15.7125002008407,-2.76072337150539,15.8868536124498,-3.04446988084065,2.26141562496942,0.333033322206158
4,35.649695,139.502766,0,96.595758,0,0,1,0,1,-1,19.5117230453458,-3.6067515011384,19.7980222797968,-3.90869225095861,2.88851009089648,0.41609550351961
5,35.6496908,139.5028107,0,98.977691,0,0,0,0,1,-1,23.5551816477582,-4.07429336239708,23.8413759437793,-4.43349807893171,3.45808615464004,0.459276826604307
6,35.6496851,139.5028551,0,101.342218,0,0,0,0,1,-1,27.5715029431652,-4.70881446021506,27.8309815991518,-5.02686792818809,4.11652635384677,0.410471900868123
7,35.6496777,139.5029005,0,101.484405,0,0,0,0,1,-1,31.6782819225916,-5.5325786922202,31.8890933579361,-5.84748841552335,4.75484687973635,0.378958566472476
8,35.6496707,139.5029429,0,113.994764,0,0,0,0,1,-1,35.513687844818,-6.31181512738768,35.8423409753468,-6.68286442966767,5.34660044881701,0.495671731016478
9,35.6496622,139.5029664,0,175.328535,0,0,0,0,1,-1,37.6394434848317,-7.25803079911446,37.9208086611805,-7.75485227867051,5.56932980777265,0.570962297363006
10,35.6496264,139.50297,0,178.049984,0,0,0,0,1,-1,37.9650911586136,-11.2432685702091,38.2894083379562,-11.7583821860219,5.81078291366983,0.608706554928171
11,35.6495906,139.5029715,0,180.261562,0,0,0,0,1,-1,38.100777688499,-15.2285063405128,38.5768713657601,-15.7646662796842,6.14433683069741,0.717030452561314
12,35.6495728,139.5029714,0,221.928068,0,0,0,0,1,-1,38.0917319203542,-17.2099932760597,38.496914544832,-17.7056986687005,6.28666523550854,0.640231829474245
13,35.6495709,139.5029693,0,241.323838,0,0,1,0,1,1,37.9017707764578,-17.4215003086657,38.4392131668768,-17.787614926248,6.45933953575546,0.650295499159206
14,35.6495705,139.5029684,0,272.818105,0,0,0,0,1,-1,37.8203588580123,-17.4660281055034,38.2444363470027,-17.7766832150949,6.43354227871883,0.525688418917218
15,35.6495706,139.5029659,0,272.114330,0,0,0,0,1,-1,37.5942146415366,-17.454896156294,38.116703660518,-17.7448382761173,6.47472382233878,0.597545988024127
16,35.6495712,139.5029459,0,280.906953,0,0,0,0,1,-1,35.7850609045888,-17.3881044618285,36.3025412918276,-17.5334723538748,6.34266519716533,0.537510721023087
17,35.6495756,139.5029178,0,272.585750,0,0,0,0,1,-1,33.2431999067739,-16.898298702151,33.6527581439605,-16.9244427135128,5.99941011604428,0.410391835904967
18,35.649576,139.5029069,0,279.970895,0,0,0,0,1,-1,32.2572111198546,-16.8537709061043,32.7227458576277,-16.8643964717673,5.9094572083382,0.465655983231354
19,35.6495766,139.5029027,0,274.321321,0,0,0,0,1,-1,31.8772888346328,-16.7869792116387,32.3511419427376,-16.8882295977896,5.78573778105945,0.484549696890096
20,35.6495773,139.5028913,0,283.232745,0,0,0,0,1,-1,30.8460712044183,-16.7090555679638,31.2552499548633,-16.7126728618081,5.6833946062646,0.409194739250763
21,35.6495803,139.5028756,0,216.965365,0,0,0,0,1,-1,29.4258855208372,-16.3750970956362,29.9121495676049,-16.5340596084491,5.39400910142966,0.511587532743579
22,35.6495505,139.502848,0,221.811473,0,0,0,0,1,-1,26.9292533663174,-19.6924179212846,27.3620332457219,-19.7005931825028,5.47214112747739,0.432857088325229
23,35.6495237,139.5028185,0,237.713206,0,0,0,0,1,-1,24.2607516041909,-22.6757802746054,24.5422840003939,-22.5640264064438,5.44667141481737,0.302901662525751
24,35.6495046,139.5027813,0,264.752824,0,0,0,0,1,-1,20.8957256537766,-24.8019825482928,21.0090443085417,-24.5632180915514,5.27450080759402,0.264290717432128
25,35.6495041,139.5027746,0,279.818147,0,0,0,0,1,-1,20.2896591520791,-24.8576422935489,20.5000034478938,-24.5335928380729,5.34778207688629,0.386332463528645
26,35.649505,139.5027682,0,274.348958,0,0,0,0,1,-1,19.710729957387,-24.7574547522461,19.9600579427096,-24.591710867319,5.21898021288571,0.299391849681584
27,35.6495061,139.5027504,0,296.596871,0,0,0,0,1,-1,18.1005831324805,-24.6350033125245,18.200736749734,-24.3001624424075,5.0194652793939,0.349498433973141
28,35.6495227,139.5027096,0,322.890463,0,0,0,0,1,-1,14.4099095108553,-22.7870997651176,14.4921503301297,-22.4863472622407,4.41042346740492,0.311794195490576
29,35.6495517,139.5026826,0,347.527349,0,0,0,0,1,-1,11.9675519652045,-19.5588345323535,12.0236366324927,-19.2665454028445,3.75466816826265,0.297621278026194
30,35.6495866,139.5026731,0,357.628954,0,0,0,0,1,-1,11.1082039400258,-15.6737843033527,11.1172683886512,-15.3233415017941,3.18787657378578,0.350560011115294
31,35.6496023,139.5026723,0,290.728542,0,0,0,0,1,-1,11.0358377922962,-13.9260682980396,10.9417667424984,-13.5899669230483,2.89094696586589,0.349017903095346
32,35.6496158,139.5026284,0,278.263233,0,0,0,0,1,-1,7.06474534018432,-12.4232551721698,7.15219196640919,-12.2461636939586,2.37939091077937,0.19750520016731
33,35.6496177,139.5026123,0,271.708820,0,0,0,0,1,-1,5.60837658145289,-12.2117481395638,5.62071156844496,-12.0033348769086,2.18104400492074,0.20877796807777
34,35.6496181,139.5025958,0,282.808160,0,0,0,0,1,-1,4.11582475014212,-12.1672203435171,4.33182642468587,-11.8833100852674,2.28677347345792,0.356737660116117
35,35.6496227,139.5025709,0,271.484085,0,0,0,0,1,-1,1.86342834838774,-11.6551506854207,1.89568479149357,-11.3276506189666,1.92096467351638,0.329084748430041
36,35.6496231,139.5025519,0,287.167073,0,0,0,0,1,-1,0.144732298030274,-11.610622889374,0.382961860973309,-11.2748917646039,2.05109759656699,0.411665778027998
37,35.6496292,139.5025276,0,268.633803,0,0,0,0,1,-1,-2.05338948971316,-10.9315739955094,-1.92756848479927,-10.6195813803971,1.8006025209614,0.336407962394093
38,35.6496287,139.5025018,0,306.209468,0,0,0,0,1,-1,-4.38719780991299,-10.9872337407655,-3.99046280386505,-10.7252791132525,2.11943514196007,0.475414442249433
39,35.6496334,139.5024939,0,5.215385,0,0,0,0,1,-1,-5.10181353706145,-10.4640321342507,-4.86380330307804,-10.1624020842079,1.90060435726487,0.384225921262066
40,35.6496699,139.502498,0,14.248301,0,0,0,0,1,-1,-4.73093701998448,-6.40087072027204,-4.47789723868516,-6.15456975923183,1.31514656079615,0.353119376881726
41,35.6497051,139.502509,0,45.580416,0,0,0,0,1,-1,-3.73590246492031,-2.48242464443387,-3.50236558701762,-2.18224599734424,0.651055672021889,0.38032445820522
42,35.6497223,139.5025306,0,85.411377,0,0,0,0,1,-1,-1.78201642994228,-0.567729402561483,-1.69482787185648,-0.265397715980317,0.154851548736845,0.314652655116867
43,35.6497235,139.502549,0,85.411377,0,0,0,0,1,1,-0.117594993595764,-0.434146013630432,-0.017289668076532,-0.112071656000777,0.341725792705561,0.337332254861693
