label,latitude,longitude,altitude,heading_deg,x,y,z,q1,q2,q3,q4,right_is_open,left_is_open,line_is_stop,signal_is_stop,isnot_skipnum,node,utm_x,utm_y,,,,,,,,,,,,,,,,
1000,36.082041,140.0810589,0,5.513787,28369.711713,44500.966122,-222.637419,0.000000000,0.000000000,0.672277744,0.740299017,2,2,0,0,1,-1,421.3216267439,-107.211801582989,,,,,,,,,,,,,,,,
1001,36.082077,140.0810632,0,34.024109,28370.086076,44504.961824,-222.667054,0.000000000,0.000000000,0.469285788,0.883046346,2,2,0,0,1,-1,421.708473984081,-103.204299914266,,,,,,,,,,,,,,,,
1002,36.0820934,140.0810769,0,90.623218,28371.314126,44506.785480,-222.685278,0.000000000,0.000000000,-0.005438576,0.999985211,2,2,0,0,1,-1,422.940987285028,-101.378660265278,,,,,,,,,,,,,,,,
1003,36.082093,140.0811224,0,100.814382,28375.412400,44506.754239,-222.703270,0.000000000,0.000000000,-0.094233262,0.995550146,2,2,0,0,1,-1,427.034370872403,-101.423188061325,,,,,,,,,,,,,,,,
1004,36.0820863,140.0811658,0,90.932738,28379.323793,44506.023363,-222.715536,0.000000000,0.000000000,-0.008139585,0.999966873,2,2,0,0,1,-1,430.938829061864,-102.169028649655,,,,,,,,,,,,,,,,
1005,36.0820857,140.0812114,0,96.283858,28383.431146,44505.969964,-222.733418,0.000000000,0.000000000,-0.054809527,0.998496828,2,2,0,0,1,-1,435.041209098707,-102.235820344121,,,,,,,,,,,,,,,,
1006,36.0820819,140.0812541,0,95.158623,28387.278449,44505.560665,-222.747655,0.000000000,0.000000000,-0.045002274,0.998986884,2,2,0,0,1,-1,438.882692157235,-102.658834409333,,,,,,,,,,,,,,,,
1007,36.0820785,140.0813007,0,102.426600,28391.476878,44505.196879,-222.763775,0.000000000,0.000000000,-0.108230124,0.994125867,2,2,0,0,1,-1,443.075036665744,-103.037320677707,,,,,,,,,,,,,,,,
1008,36.0820707,140.0813445,0,85.827608,28395.424696,44504.344072,-222.775359,0.000000000,0.000000000,0.036402944,0.999337193,2,2,0,0,1,-1,447.015480647963,-103.90561270655,,,,,,,,,,,,,,,,
1009,36.0820733,140.0813886,0,93.379703,28399.395795,44504.645310,-222.795129,0.000000000,0.000000000,-0.029489197,0.999565099,2,2,0,0,1,-1,450.982913970914,-103.616182030269,,,,,,,,,,,,,,,,
1010,36.0820712,140.0814326,0,94.236537,28403.359578,44504.425022,-222.811217,0.000000000,0.000000000,-0.036962338,0.999316659,2,2,0,0,1,-1,454.941350846954,-103.849952960503,,,,,,,,,,,,,,,,
1011,36.0820685,140.0814777,0,92.827215,28407.422653,44504.138479,-222.827286,0.000000000,0.000000000,-0.024669602,0.999695659,2,2,0,0,1,-1,458.998748644129,-104.150515585993,,,,,,,,,,,,,,,,
1012,36.0820667,140.0815228,0,96.004800,28411.485403,44503.951799,-222.844055,0.000000000,0.000000000,-0.052377787,0.998627342,2,2,0,0,1,-1,463.056146441303,-104.35089066939,,,,,,,,,,,,,,,,
1013,36.0820629,140.0815675,0,98.691333,28415.512847,44503.543091,-222.859115,0.000000000,0.000000000,-0.075773490,0.997125056,2,2,0,0,1,-1,467.077558450834,-104.773904734602,,,,,,,,,,,,,,,,
1014,36.0820576,140.0816104,0,93.861149,28419.378706,44502.967428,-222.872290,0.000000000,0.000000000,-0.033688506,0.999432381,2,2,0,0,1,-1,470.937034403184,-105.363898035582,,,,,,,,,,,,,,,,
1015,36.0820552,140.0816544,0,90.315074,28423.342598,44502.713862,-222.888158,0.000000000,0.000000000,-0.002749536,0.999996220,2,2,0,0,1,-1,474.895471279224,-105.631064813444,,,,,,,,,,,,,,,,
1016,36.082055,140.0816994,0,99.025998,28427.395768,44502.704692,-222.906137,0.000000000,0.000000000,-0.078685270,0.996899508,2,2,0,0,1,-1,478.943872629488,-105.653328711863,,,,,,,,,,,,,,,,
1017,36.0820493,140.0817438,0,86.475020,28431.396875,44502.085086,-222.919614,0.000000000,0.000000000,0.030756402,0.999526910,2,2,0,0,1,-1,482.938295295729,-106.28784980889,,,,,,,,,,,,,,,,
1018,36.0820516,140.08179,0,93.256032,28435.557227,44502.353660,-222.940020,0.000000000,0.000000000,-0.028410416,0.999596343,2,2,0,0,1,-1,487.094654014038,-106.031814980237,,,,,,,,,,,,,,,,
1019,36.0820496,140.0818335,0,85.389818,28439.475942,44502.144339,-222.956007,0.000000000,0.000000000,0.040220576,0.999190825,2,2,0,0,1,-1,491.008108652966,-106.254453962053,,,,,,,,,,,,,,,,
1020,36.0820525,140.081878,0,91.183873,28443.482960,44502.478999,-222.976197,0.000000000,0.000000000,-0.010331057,0.999946633,2,2,0,0,1,-1,495.011527766119,-105.931627438934,,,,,,,,,,,,,,,,
1021,36.0820517,140.0819259,0,84.088989,28447.797545,44502.404104,-222.994894,0.000000000,0.000000000,0.051560429,0.998669876,2,2,0,0,1,-1,499.32082609214,-106.020683031028,,,,,,,,,,,,,,,,
1022,36.0820558,140.0819749,0,93.932429,28452.209440,44502.873221,-223.017835,0.000000000,0.000000000,-0.034310182,0.999411232,2,2,0,0,1,-1,503.729085341853,-105.564273118979,,,,,,,,,,,,,,,,
1023,36.0820532,140.0820217,0,87.178347,28456.425598,44502.598288,-223.034699,0.000000000,0.000000000,0.024621079,0.999696855,2,2,0,0,1,-1,507.939422744184,-105.853703795259,,,,,,,,,,,,,,,,
1024,36.0820551,140.0820694,0,90.443998,28460.721196,44502.822926,-223.055416,0.000000000,0.000000000,-0.003874604,0.999992494,2,2,0,0,1,-1,512.230728176383,-105.642196762653,,,,,,,,,,,,,,,,
1025,36.0820548,140.0821173,0,96.363399,28465.035601,44502.803518,-223.074512,0.000000000,0.000000000,-0.055502596,0.998458543,2,2,0,0,1,-1,516.540026502405,-105.675592609491,,,,,,,,,,,,,,,,
1026,36.0820506,140.0821639,0,88.190495,28469.234322,44502.351003,-223.090063,0.000000000,0.000000000,0.015790254,0.999875326,2,2,0,0,1,-1,520.732371010914,-106.14313447154,,,,,,,,,,,,,,,,
1027,36.0820518,140.0822109,0,88.654120,28473.467124,44502.497774,-223.109964,0.000000000,0.000000000,0.011744749,0.999931028,2,2,0,0,1,-1,524.960701312181,-106.009551082609,,,,,,,,,,,,,,,,
1028,36.0820527,140.0822583,0,88.909421,28477.736062,44502.611376,-223.129797,0.000000000,0.000000000,0.009516953,0.999954713,2,2,0,0,1,-1,529.225017401091,-105.909363540516,,,,,,,,,,,,,,,,
1029,36.0820534,140.0823038,0,86.149562,28481.833941,44502.702238,-223.148710,0.000000000,0.000000000,0.033595088,0.999435526,2,2,0,0,1,-1,533.318400988466,-105.831439896841,,,,,,,,,,,,,,,,
1030,36.082056,140.0823516,0,93.693747,28486.138293,44503.004587,-223.170027,0.000000000,0.000000000,-0.032228442,0.999480529,2,2,0,0,1,-1,537.61870286502,-105.54200922056,,,,,,,,,,,,,,,,
1031,36.0820536,140.0823976,0,87.326633,28490.282324,44502.751630,-223.186745,0.000000000,0.000000000,0.023327412,0.999727879,2,2,0,0,1,-1,541.757068692063,-105.809175998422,,,,,,,,,,,,,,,,
1032,36.0820554,140.0824453,0,86.859220,28494.577957,44502.965189,-223.207408,0.000000000,0.000000000,0.027405045,0.999624411,2,2,0,0,1,-1,546.048374121706,-105.608800915025,,,,,,,,,,,,,,,,
1033,36.0820574,140.0824904,0,95.641395,28498.639339,44503.200187,-223.227178,0.000000000,0.000000000,-0.049210575,0.998788426,2,2,0,0,1,-1,550.105771918881,-105.386161934001,,,,,,,,,,,,,,,,
1034,36.0820536,140.082538,0,90.154779,28502.927986,44502.792360,-223.243466,0.000000000,0.000000000,-0.001350701,0.999999088,2,2,0,0,1,-1,554.388080904169,-105.809175998422,,,,,,,,,,,,,,,,
1035,36.0820535,140.0825838,0,84.844495,28507.053174,44502.794555,-223.261897,0.000000000,0.000000000,0.044975092,0.998988109,2,2,0,0,1,-1,558.508453832277,-105.820307947631,,,,,,,,,,,,,,,,
1036,36.082057,140.0826318,0,85.421541,28511.375214,44503.196836,-223.284010,0.000000000,0.000000000,0.039943963,0.999201921,2,2,0,0,1,-1,562.826748607767,-105.430689730047,,,,,,,,,,,,,,,,
1037,36.0820601,140.0826797,0,93.408862,28515.688391,44503.554707,-223.305775,0.000000000,0.000000000,-0.029743545,0.999557563,2,2,0,0,1,-1,567.136046933789,-105.08559930851,,,,,,,,,,,,,,,,
1038,36.0820579,140.0827254,0,41.772663,28519.805330,44503.323869,-223.322546,0.000000000,0.000000000,0.408548215,0.912736740,2,2,0,0,1,-1,571.247423414985,-105.330502188745,,,,,,,,,,,,,,,,
1039,36.0820788,140.0827485,0,7.183987,28521.878371,44505.649582,-223.348087,0.000000000,0.000000000,0.661416679,0.750018651,2,2,0,0,1,-1,573.32560277414,-103.00392483087,,,,,,,,,,,,,,,,
1040,36.0821115,140.0827536,0,8.000622,28522.325911,44509.279364,-223.375499,0.000000000,0.000000000,0.656054932,0.754713141,2,2,0,0,1,-1,573.784421594723,-99.3637774821031,,,,,,,,,,,,,,,,
1041,36.0821414,140.0827588,0,12.687689,28522.783469,44512.598495,-223.400782,0.000000000,0.000000000,0.624645264,0.780908634,2,2,0,0,1,-1,574.252236862216,-96.0353247072452,,,,,,,,,,,,,,,,
1042,36.0821694,140.0827666,0,357.703659,28523.475892,44515.707562,-223.425646,0.000000000,0.000000000,-0.721133823,-0.692795792,2,2,0,0,1,-1,574.953959762179,-92.9183789649934,,,,,,,,,,,,,,,,
1043,36.0821956,140.0827653,0,359.775220,28523.349339,44518.614264,-223.445435,0.000000000,0.000000000,-0.708492463,-0.705718378,2,2,0,0,1,-1,574.837005947223,-90.0018083061381,,,,,,,,,,,,,,,,
1044,36.0822368,140.0827651,0,4.990130,28523.316444,44523.185644,-223.477303,0.000000000,0.000000000,0.675653708,0.737219144,2,2,0,0,1,-1,574.819013050844,-85.4154452856447,,,,,,,,,,,,,,,,
1045,36.0822766,140.0827694,0,324.858607,28523.689364,44527.602990,-223.509907,0.000000000,0.000000000,-0.887579903,-0.460653791,2,2,0,0,1,-1,575.205860291026,-80.9849295517101,,,,,,,,,,,,,,,,
1046,36.0822952,140.0827532,0,258.182329,28522.223535,44529.662091,-223.517783,0.000000000,0.000000000,-0.994686954,0.102945927,2,2,0,0,1,-1,573.748435804522,-78.9143870232789,,,,,,,,,,,,,,,,
1047,36.0822894,140.0827189,0,235.983649,28519.136279,44529.008580,-223.499416,0.000000000,0.000000000,-0.956263028,0.292508156,2,2,0,0,1,-1,570.662654332536,-79.5600400695153,,,,,,,,,,,,,,,,
1048,36.0822864,140.0827134,0,155.476287,28518.641985,44528.674112,-223.494865,0.000000000,0.000000000,-0.540800419,0.841150941,2,2,0,0,1,-1,570.167849721752,-79.8939985418429,,,,,,,,,,,,,,,,
1049,36.0822802,140.0827169,0,106.440719,28518.959464,44527.987193,-223.491472,0.000000000,0.000000000,-0.142980632,0.989725487,2,2,0,0,1,-1,570.482725381533,-80.584179384917,,,,,,,,,,,,,,,,
1050,36.0822714,140.0827538,0,175.137512,28522.286172,44527.021483,-223.499566,0.000000000,0.000000000,-0.676474467,0.736466085,2,2,0,0,1,-1,573.802414491101,-81.563790904272,,,,,,,,,,,,,,,,
1051,36.0822676,140.0827542,0,133.562162,28522.323572,44526.599962,-223.496781,0.000000000,0.000000000,-0.371061230,0.928608401,2,2,0,0,1,-1,573.838400278745,-81.986804968693,,,,,,,,,,,,,,,,
1052,36.0822583,140.0827663,0,180.890406,28523.416761,44525.571573,-223.494461,0.000000000,0.000000000,-0.712579782,0.701591088,2,2,0,0,1,-1,574.926970421446,-83.0220762333042,,,,,,,,,,,,,,,,
1053,36.0822531,140.0827662,0,182.468065,28523.409632,44524.994566,-223.490388,0.000000000,0.000000000,-0.722171219,0.691714341,2,2,0,0,1,-1,574.917973971978,-83.600937585866,,,,,,,,,,,,,,,,
1054,36.0822456,140.0827658,0,204.942216,28523.376314,44524.162271,-223.484410,0.000000000,0.000000000,-0.843120400,0.537724829,2,2,0,0,1,-1,574.881988184334,-84.4358337662896,,,,,,,,,,,,,,,,
1055,36.082235,140.0827597,0,174.603754,28522.830724,44522.984353,-223.473723,0.000000000,0.000000000,-0.673036743,0.739609047,2,2,0,0,1,-1,574.333204889529,-85.6158203690412,,,,,,,,,,,,,,,,
1056,36.0822273,140.0827606,0,196.069658,28522.914567,44522.130244,-223.468116,0.000000000,0.000000000,-0.799001194,0.601329437,2,2,0,0,1,-1,574.414172916841,-86.4729804478837,,,,,,,,,,,,,,,,
1057,36.0822172,140.082757,0,183.503573,28522.593968,44521.008530,-223.458828,0.000000000,0.000000000,-0.728392334,0.685160279,2,2,0,0,1,-1,574.090300807592,-87.5973073053791,,,,,,,,,,,,,,,,
1058,36.082204,140.082756,0,188.693062,28522.508667,44519.543604,-223.448188,0.000000000,0.000000000,-0.758663668,0.651482493,2,2,0,0,1,-1,574.000336333369,-89.0667245836207,,,,,,,,,,,,,,,,
1059,36.0821929,140.0827539,0,199.406369,28522.323532,44518.311370,-223.438732,0.000000000,0.000000000,-0.816169706,0.577812263,2,2,0,0,1,-1,573.811410938012,-90.3023709316284,,,,,,,,,,,,,,,,
1060,36.082189,140.0827522,0,186.912009,28522.171824,44517.878143,-223.435020,0.000000000,0.000000000,-0.748446696,0.663194951,2,2,0,0,1,-1,573.658471330299,-90.7365169452589,,,,,,,,,,,,,,,,
1061,36.082173,140.0827498,0,196.076232,28521.961438,44516.102130,-223.421644,0.000000000,0.000000000,-0.799035691,0.601283598,2,2,0,0,1,-1,573.442556591652,-92.5176287982002,,,,,,,,,,,,,,,,
1062,36.0821601,140.0827452,0,183.512423,28521.551781,44514.669446,-223.409782,0.000000000,0.000000000,-0.728445247,0.685104023,2,2,0,0,1,-1,573.028720010738,-93.9536502296045,,,,,,,,,,,,,,,,
1063,36.0821522,140.0827446,0,167.838033,28521.500593,44513.792710,-223.403414,0.000000000,0.000000000,-0.628221322,0.778034684,2,2,0,0,1,-1,572.974741324158,-94.8330742068658,,,,,,,,,,,,,,,,
1064,36.0821447,140.0827466,0,161.362063,28521.683439,44512.961112,-223.398408,0.000000000,0.000000000,-0.583272329,0.812276671,2,2,0,0,1,-1,573.154670275161,-95.6679703872893,,,,,,,,,,,,,,,,
1065,36.0820062,140.0828044,0,290.149192,28526.939442,44497.610320,-223.314419,0.000000000,0.000000000,-0.984580838,-0.174930196,2,2,0,0,1,-1,578.354616896502,-111.08571986278,,,,,,,,,,,,,,,,
1066,36.0820199,140.0827582,0,294.001551,28522.773312,44499.117018,-223.306355,0.000000000,0.000000000,-0.978144787,-0.207924930,2,2,0,0,1,-1,574.198258178194,-109.560642838492,,,,,,,,,,,,,,,,
1067,36.0820389,140.0827054,0,287.085810,28518.010815,44501.209875,-223.299733,0.000000000,0.000000000,-0.988904901,-0.148549978,2,2,0,0,1,-1,569.448133925411,-107.445572513223,,,,,,,,,,,,,,,,
1068,36.0820506,140.0826583,0,287.153805,28513.764349,44502.494402,-223.289761,0.000000000,0.000000000,-0.988816583,-0.149136736,2,2,0,0,1,-1,565.210807179791,-106.14313447154,,,,,,,,,,,,,,,,
1069,36.0820621,140.0826122,0,280.741897,28509.608024,44503.757029,-223.280041,0.000000000,0.000000000,-0.995609554,-0.093603507,2,2,0,0,1,-1,561.063444908393,-104.862960326695,,,,,,,,,,,,,,,,
1070,36.0820688,140.0825685,0,286.789988,28505.669599,44504.487760,-223.267573,0.000000000,0.000000000,-0.989285093,-0.145996594,2,2,0,0,1,-1,557.131997375642,-104.117119738365,,,,,,,,,,,,,,,,
1071,36.0820797,140.0825238,0,275.725069,28501.639589,44505.684224,-223.257960,0.000000000,0.000000000,-0.998752226,-0.049939870,2,2,0,0,1,-1,553.110585366112,-102.903737288776,,,,,,,,,,,,,,,,
1072,36.0820835,140.0824769,0,277.485835,28497.413992,44506.092254,-223.241956,0.000000000,0.000000000,-0.997867000,-0.065279780,2,2,0,0,1,-1,548.891251514313,-102.480723224355,,,,,,,,,,,,,,,,
1073,36.0820883,140.0824317,0,272.535997,28493.341151,44506.611737,-223.227417,0.000000000,0.000000000,-0.999755125,-0.022128942,2,2,0,0,1,-1,544.824857270228,-101.946389668631,,,,,,,,,,,,,,,,
1074,36.0820899,140.082387,0,276.058647,28489.314499,44506.776303,-223.210603,0.000000000,0.000000000,-0.998602619,-0.052847040,2,2,0,0,1,-1,540.803445260697,-101.768278482862,,,,,,,,,,,,,,,,
1075,36.0820937,140.0823427,0,274.153969,28485.323081,44507.185094,-223.195658,0.000000000,0.000000000,-0.999343033,-0.036242279,2,2,0,0,1,-1,536.818019043923,-101.34526441765,,,,,,,,,,,,,,,,
1076,36.0820964,140.0822967,0,278.893580,28481.178944,44507.471340,-223.179176,0.000000000,0.000000000,-0.996989768,-0.077533235,2,2,0,0,1,-1,532.679653219437,-101.044701792951,,,,,,,,,,,,,,,,
1077,36.0821018,140.082254,0,268.062837,28477.331060,44508.058129,-223.166122,0.000000000,0.000000000,-0.999857115,0.016904131,2,2,0,0,1,-1,528.838170160909,-100.443576542761,,,,,,,,,,,,,,,,
1078,36.0821006,140.0822101,0,276.823387,28473.377474,44507.912255,-223.147470,0.000000000,0.000000000,-0.998227703,-0.059510103,2,2,0,0,1,-1,524.888729731779,-100.577159931692,,,,,,,,,,,,,,,,
1079,36.082105,140.0821646,0,275.887155,28469.277759,44508.387279,-223.132515,0.000000000,0.000000000,-0.998680589,-0.051352522,2,2,0,0,1,-1,520.795346144404,-100.087354172014,,,,,,,,,,,,,,,,
1080,36.082109,140.0821166,0,272.275273,28464.953016,44508.817197,-223.116245,0.000000000,0.000000000,-0.999802886,-0.019854198,2,2,0,0,1,-1,516.477051371472,-99.6420762091746,,,,,,,,,,,,,,,,
1081,36.0821104,140.082073,0,279.174823,28461.025514,44508.959904,-223.099737,0.000000000,0.000000000,-0.996796475,-0.079979919,2,2,0,0,1,-1,512.554600283075,-99.4862289218247,,,,,,,,,,,,,,,,
1082,36.0821163,140.0820278,0,275.437124,28456.952280,44509.601457,-223.086075,0.000000000,0.000000000,-0.998874562,-0.047430057,2,2,0,0,1,-1,508.48820603899,-98.8294439263789,,,,,,,,,,,,,,,,
1083,36.0821197,140.0819836,0,279.868409,28452.970016,44509.965908,-223.070880,0.000000000,0.000000000,-0.996294126,-0.086011707,2,2,0,0,1,-1,504.511776269127,-98.4509576572136,,,,,,,,,,,,,,,,
1084,36.0821259,140.0819395,0,277.828201,28448.995750,44510.641070,-223.057899,0.000000000,0.000000000,-0.997667510,-0.068260819,2,2,0,0,1,-1,500.544342946176,-97.7607768141395,,,,,,,,,,,,,,,,
1085,36.0821308,140.0818954,0,278.566351,28445.021954,44511.171989,-223.043913,0.000000000,0.000000000,-0.997207108,-0.074685907,2,2,0,0,1,-1,496.576909623224,-97.2153113092059,,,,,,,,,,,,,,,,
1086,36.0821364,140.0818494,0,257.588524,28440.876775,44511.780030,-223.029706,0.000000000,0.000000000,-0.994140143,0.108098916,2,2,0,0,1,-1,492.438543796181,-96.5919221613883,,,,,,,,,,,,,,,,
1087,36.0821266,140.0817943,0,268.628107,28435.917517,44510.676697,-222.999894,0.000000000,0.000000000,-0.999928336,0.011971739,2,2,0,0,1,-1,487.481501254219,-97.6828531712555,,,,,,,,,,,,,,,,
1088,36.0821257,140.0817478,0,251.295541,28431.729644,44510.563376,-222.980452,0.000000000,0.000000000,-0.986707992,0.162503349,2,2,0,0,1,-1,483.298153192621,-97.7830407125583,,,,,,,,,,,,,,,,
1089,36.0821118,140.081697,0,254.804225,28427.159156,44509.006368,-222.949201,0.000000000,0.000000000,-0.991220416,0.132219844,2,2,0,0,1,-1,478.727957890841,-99.3303816344748,,,,,,,,,,,,,,,,
1090,36.082101,140.0816478,0,265.853802,28422.731660,44507.793793,-222.921002,0.000000000,0.000000000,-0.999345488,0.036174509,2,2,0,0,1,-1,474.301705747307,-100.532632134854,,,,,,,,,,,,,,,,
1091,36.0820981,140.0815983,0,262.006346,28418.274299,44507.457696,-222.898810,0.000000000,0.000000000,-0.997567912,0.069701229,2,2,0,0,1,-1,469.84846426304,-100.855458658763,,,,,,,,,,,,,,,,
1092,36.0820928,140.0815516,0,261.684297,28414.069994,44506.856113,-222.875888,0.000000000,0.000000000,-0.997368084,0.072504523,2,2,0,0,1,-1,465.647123305063,-101.445451959744,,,,,,,,,,,,,,,,
1093,36.082087,140.0815025,0,279.086409,28409.649704,44506.198360,-222.851615,0.000000000,0.000000000,-0.996857887,-0.079210810,2,2,0,0,1,-1,461.229867610996,-102.09110500598,,,,,,,,,,,,,,,,
1094,36.0820927,140.0814584,0,266.018572,28405.675620,44506.818062,-222.838273,0.000000000,0.000000000,-0.999396470,0.034737524,2,2,0,0,1,-1,457.262434288045,-101.456583908953,,,,,,,,,,,,,,,,
1095,36.08209,140.0814104,0,263.279073,28401.353289,44506.504599,-222.816852,0.000000000,0.000000000,-0.998280514,0.058617532,2,2,0,0,1,-1,452.944139512556,-101.757146533653,,,,,,,,,,,,,,,,
1096,36.0820854,140.0813621,0,271.230113,28397.004621,44505.980231,-222.793840,0.000000000,0.000000000,-0.999942383,-0.010734555,2,2,0,0,1,-1,448.59885539889,-102.269216191749,,,,,,,,,,,,,,,,
1097,36.0820862,140.081316,0,273.717955,28392.852162,44506.055671,-222.775902,0.000000000,0.000000000,-0.999473698,-0.032439586,2,2,0,0,1,-1,444.451493124936,-102.180160598865,,,,,,,,,,,,,,,,
1098,36.0820886,140.0812703,0,273.948657,28388.735155,44506.308761,-222.759369,0.000000000,0.000000000,-0.999406364,-0.034451714,2,2,0,0,1,-1,440.340116643739,-101.912993821002,,,,,,,,,,,,,,,,
1099,36.0820913,140.0812219,0,272.827573,28384.374855,44506.594359,-222.741984,0.000000000,0.000000000,-0.999695582,-0.024672725,2,2,0,0,1,-1,435.985836080606,-101.612431195512,,,,,,,,,,,,,,,,
1100,36.0820932,140.0811743,0,277.372939,28380.086898,44506.791424,-222.724304,0.000000000,0.000000000,-0.997930830,-0.064296647,2,2,0,0,1,-1,431.703527095317,-101.400924163697,,,,,,,,,,,,,,,,
1101,36.082098,140.0811284,0,268.421452,28375.951016,44507.310759,-222.709559,0.000000000,0.000000000,-0.999905120,0.013774994,2,2,0,0,1,-1,427.574157717741,-100.866590607973,,,,,,,,,,,,,,,,
1102,36.082097,140.0810835,0,208.315019,28371.907287,44507.186832,-222.690723,0.000000000,0.000000000,-0.858579930,0.512679728,2,2,0,0,1,-1,423.534752816945,-100.977910098485,,,,,,,,,,,,,,,,
1103,36.0820889,140.0810781,0,178.253184,28371.423826,44506.286519,-222.682272,0.000000000,0.000000000,-0.696246017,0.717803235,2,2,0,0,1,-1,423.048944653073,-101.879597974165,,,,,,,,,,,,,,,,
1104,36.0820783,140.0810785,0,199.406396,28371.463661,44505.110488,-222.674215,0.000000000,0.000000000,-0.816169842,0.577812070,2,2,1,0,1,1,423.084930443273,-103.059584576126,0,0,0,0,0,0,0,0,0,0,0,0,0,0,0,0
1105,36.0820705,140.0810751,0,190.283143,28371.160230,44504.244039,-222.666802,0.000000000,0.000000000,-0.767630360,0.640892839,2,2,0,0,1,-1,422.779051230404,-103.927876604178,,,,,,,,,,,,,,,,
1106,36.0820607,140.0810729,0,177.498618,28370.965599,44503.156023,-222.658320,0.000000000,0.000000000,-0.691504344,0.722372302,2,2,0,0,1,-1,422.581129385579,-105.018807614045,,,,,,,,,,,,,,,,
1107,36.0820533,140.0810733,0,186.955068,28371.004285,44502.335055,-222.652745,0.000000000,0.000000000,-0.748695846,0.662913667,2,2,0,0,1,-1,422.61711517578,-105.84257184605,,,,,,,,,,,,,,,,
1108,36.0820427,140.0810717,0,178.487116,28370.863983,44501.158446,-222.643885,0.000000000,0.000000000,-0.697709919,0.716380394,2,2,0,0,1,-1,422.473172017534,-107.022558448802,,,,,,,,,,,,,,,,
1109,36.0820274,140.0810722,0,191.422482,28370.914514,44499.460945,-222.632227,0.000000000,0.000000000,-0.773964459,0.633229039,2,2,0,0,1,-1,422.518154254646,-108.725746657277,,,,,,,,,,,,,,,,
1110,36.0820014,140.0810657,0,163.475860,28370.338407,44496.574179,-222.609461,0.000000000,0.000000000,-0.598155794,0.801379839,2,2,0,0,1,-1,421.933385169639,-111.620053418505,,,,,,,,,,,,,,,,
1111,36.0819935,140.0810686,0,214.082741,28370.602445,44495.698455,-222.604504,0.000000000,0.000000000,-0.883286345,0.468833907,2,2,0,0,1,-1,422.194282145397,-112.499477395766,,,,,,,,,,,,,,,,
1112,36.0819892,140.081065,0,262.099594,28370.279742,44495.220299,-222.599724,0.000000000,0.000000000,-0.997624300,0.068889443,2,2,0,0,1,-1,421.870410038706,-112.978151206234,,,,,,,,,,,,,,,,
1113,36.0819856,140.0810329,0,307.716477,28367.389823,44494.811583,-222.584024,0.000000000,0.000000000,-0.946321203,-0.323227754,2,2,0,0,1,-1,418.982550408987,-113.378901373027,,,,,,,,,,,,,,,,
1114,36.0819876,140.0810297,0,279.235057,28367.100884,44495.032573,-222.584287,0.000000000,0.000000000,-0.996754297,-0.080503865,2,2,0,0,1,-1,418.69466408994,-113.156262391212,,,,,,,,,,,,,,,,
1115,36.0819935,140.0809848,0,276.621872,28363.054671,44495.674255,-222.570804,0.000000000,0.000000000,-0.998330811,-0.057754579,2,2,0,0,1,-1,414.655259186587,-112.499477395766,,,,,,,,,,,,,,,,
1116,36.0819976,140.0809411,0,267.061523,28359.117188,44496.116563,-222.556411,0.000000000,0.000000000,-0.999671235,0.025640239,2,2,0,0,1,-1,410.723811653836,-112.043067482926,,,,,,,,,,,,,,,,
1117,36.0819957,140.0808953,0,272.547377,28354.992715,44495.892523,-222.536526,0.000000000,0.000000000,-0.999752922,-0.022228227,2,2,0,0,1,-1,406.603438723171,-112.254574515532,,,,,,,,,,,,,,,,
1118,36.0819973,140.0808508,0,265.480856,28350.984074,44496.057210,-222.519879,0.000000000,0.000000000,-0.999222463,0.039426749,2,2,0,0,1,-1,402.600019612576,-112.076463330554,,,,,,,,,,,,,,,,
1119,36.0819944,140.0808054,0,271.629350,28346.895987,44495.722332,-222.499386,0.000000000,0.000000000,-0.999898915,-0.014218282,2,2,0,0,1,-1,398.515632472112,-112.399289853672,,,,,,,,,,,,,,,,
1120,36.0819954,140.0807619,0,276.389258,28342.977631,44495.820737,-222.482681,0.000000000,0.000000000,-0.998445993,-0.055727909,2,2,0,0,1,-1,394.602177833183,-112.28797036316,,,,,,,,,,,,,,,,
1121,36.0819994,140.0807177,0,278.035632,28338.995150,44496.251814,-222.468022,0.000000000,0.000000000,-0.997542311,-0.070066661,2,2,0,0,1,-1,390.625748060764,-111.842692399529,,,,,,,,,,,,,,,,
1122,36.0820045,140.080673,0,263.181826,28334.967241,44496.804801,-222.454017,0.000000000,0.000000000,-0.998230409,0.059464692,2,2,0,0,1,-1,386.60433605379,-111.274962996967,,,,,,,,,,,,,,,,
1123,36.0820002,140.0806285,0,275.177291,28330.960718,44496.314849,-222.432810,0.000000000,0.000000000,-0.998979540,-0.045165018,2,2,0,0,1,-1,382.600916940638,-111.753636807436,,,,,,,,,,,,,,,,
1124,36.0820034,140.0805848,0,275.899995,28327.023559,44496.657310,-222.417740,0.000000000,0.000000000,-0.998674828,-0.051464424,2,2,0,0,1,-1,378.669469407887,-111.397414436689,,,,,,,,,,,,,,,,
1125,36.0820072,140.0805393,0,269.536656,28322.924061,44497.065827,-222.402414,0.000000000,0.000000000,-0.999991825,0.004043428,2,2,0,0,1,-1,374.576085820512,-110.974400371477,,,,,,,,,,,,,,,,
1126,36.0820069,140.0804934,0,275.139366,28318.790007,44497.019307,-222.383753,0.000000000,0.000000000,-0.998994433,-0.044834395,2,2,0,0,1,-1,370.446716442936,-111.007796219105,,,,,,,,,,,,,,,,
1127,36.0820102,140.080448,0,272.507978,28314.699696,44497.372378,-222.368085,0.000000000,0.000000000,-0.999760506,-0.021884490,2,2,0,0,1,-1,366.362329302472,-110.640441899149,,,,,,,,,,,,,,,,
1128,36.0820118,140.0804028,0,281.094863,28310.628009,44497.536882,-222.351182,0.000000000,0.000000000,-0.995316513,-0.096669744,2,2,0,0,1,-1,362.295935058387,-110.462330714172,,,,,,,,,,,,,,,,
1129,36.0820189,140.080358,0,275.169323,28306.590378,44498.311768,-222.338706,0.000000000,0.000000000,-0.998982678,-0.045095555,2,2,0,0,1,-1,358.265526601945,-109.671962329004,,,,,,,,,,,,,,,,
1130,36.082022,140.0803156,0,269.688389,28302.770346,44498.643518,-222.324095,0.000000000,0.000000000,-0.999996303,0.002719316,2,2,0,0,1,-1,354.451032886707,-109.326871908258,,,,,,,,,,,,,,,,
1131,36.0820218,140.0802701,0,269.672555,28298.672284,44498.608218,-222.305685,0.000000000,0.000000000,-0.999995917,0.002857493,2,2,0,0,1,-1,350.357649299332,-109.349135805886,,,,,,,,,,,,,,,,
1132,36.0820216,140.0802268,0,276.309706,28294.772374,44498.573553,-222.288159,0.000000000,0.000000000,-0.998484440,-0.055034753,2,2,0,0,1,-1,346.462187554225,-109.371399704304,,,,,,,,,,,,,,,,
1133,36.0820258,140.0801798,0,277.741502,28290.537632,44499.026036,-222.272563,0.000000000,0.000000000,-0.997718870,-0.067505973,2,2,0,0,1,-1,342.233857255515,-108.903857843046,,,,,,,,,,,,,,,,
1134,36.0820307,140.0801352,0,275.647155,28286.518805,44499.556883,-222.258475,0.000000000,0.000000000,-0.998785951,-0.049260779,2,2,0,0,1,-1,338.221441695452,-108.358392338112,,,,,,,,,,,,,,,,
1135,36.0820344,140.0800889,0,266.620648,28282.347291,44499.954093,-222.242777,0.000000000,0.000000000,-0.999565189,0.029486135,2,2,0,0,1,-1,334.056086527676,-107.94651022211,,,,,,,,,,,,,,,,
1136,36.0820322,140.0800428,0,280.576390,28278.195905,44499.696715,-222.222589,0.000000000,0.000000000,-0.995743709,-0.092165430,2,2,0,0,1,-1,329.908724256278,-108.191413101553,,,,,,,,,,,,,,,,
1137,36.0820389,140.0799984,0,280.092708,28274.194448,44500.427348,-222.209984,0.000000000,0.000000000,-0.996123860,-0.087961665,2,2,0,0,1,-1,325.914301590037,-107.445572513223,,,,,,,,,,,,,,,,
1138,36.0820451,140.0799553,0,263.301129,28270.310261,44501.102878,-222.197515,0.000000000,0.000000000,-0.998291778,0.058425387,2,2,0,0,1,-1,322.036832741309,-106.75539167094,,,,,,,,,,,,,,,,
1139,36.0820408,140.07991,0,278.301721,28266.231681,44500.612726,-222.176027,0.000000000,0.000000000,-0.997376923,-0.072382827,2,2,0,0,1,-1,317.961442047756,-107.234065480617,,,,,,,,,,,,,,,,
1140,36.0820458,140.0798676,0,252.811130,28262.410972,44501.155312,-222.162913,0.000000000,0.000000000,-0.988770900,0.149439307,2,2,0,0,1,-1,314.146948332517,-106.677468027265,,,,,,,,,,,,,,,,
1141,36.082034,140.0798204,0,234.812895,28258.163945,44499.832437,-222.134857,0.000000000,0.000000000,-0.953224687,0.302262626,2,2,0,0,1,-1,309.900625137429,-107.991038018156,,,,,,,,,,,,,,,,
1142,36.0820136,140.0797846,0,243.843641,28254.946778,44497.558612,-222.104704,0.000000000,0.000000000,-0.974062214,0.226280362,2,2,0,0,1,-1,306.679896951551,-110.261955630775,,,,,,,,,,,,,,,,
1143,36.0819982,140.0797458,0,247.239738,28251.457615,44495.838711,-222.077227,0.000000000,0.000000000,-0.980339659,0.197317391,2,2,0,0,1,-1,303.189275343005,-111.97627578846,,,,,,,,,,,,,,,,
1144,36.0819844,140.0797051,0,277.420883,28247.796746,44494.295796,-222.050231,0.000000000,0.000000000,-0.997903841,-0.064714166,2,2,0,0,1,-1,299.527721232923,-113.512484761958,,,,,,,,,,,,,,,,
1145,36.0819848,140.0797013,0,264.763145,28247.454341,44494.339086,-222.049020,0.000000000,0.000000000,-0.998955928,0.045684275,2,2,1,0,1,1,299.185856229853,-113.46795696512,0,0,0,0,0,0,0,0,0,0,0,0,0,0,0,0
1146,36.0819814,140.0796554,0,275.909366,28243.321394,44493.948633,-222.028005,0.000000000,0.000000000,-0.998670617,-0.051546093,2,2,0,0,1,-1,295.056486854834,-113.846443234286,,,,,,,,,,,,,,,,
1147,36.0819836,140.0796291,0,285.418655,28240.951794,44494.185178,-222.019180,0.000000000,0.000000000,-0.990961374,-0.134147511,2,2,0,1,1,1,292.690421176632,-113.601540354051,0,0,0,0,0,0,0,0,0,0,0,0,0,0,0,0
1148,36.0819873,140.0796125,0,272.234316,28239.455327,44494.590947,-222.015401,0.000000000,0.000000000,-0.999809918,-0.019496850,2,2,0,0,1,-1,291.197010899927,-113.189658238049,,,,,,,,,,,,,,,,
1149,36.0819887,140.0795681,0,279.733933,28235.455766,44494.733524,-221.998712,0.000000000,0.000000000,-0.996394377,-0.084842473,2,2,0,0,1,-1,287.202588233686,-113.03381095149,,,,,,,,,,,,,,,,
1150,36.0819948,140.0795241,0,282.692752,28231.490553,44495.397717,-221.985829,0.000000000,0.000000000,-0.993871809,-0.110538801,2,2,0,0,1,-1,283.244151357646,-112.354762057625,,,,,,,,,,,,,,,,
1151,36.0820029,140.0794796,0,357.646833,28227.479591,44496.283682,-221.974297,0.000000000,0.000000000,-0.721477292,-0.692438096,2,2,0,0,1,-1,279.240732244494,-111.453074181945,,,,,,,,,,,,,,,,
1152,36.0820383,140.0794778,0,15.077075,28227.304814,44500.211051,-222.001015,0.000000000,0.000000000,0.608227677,0.793762618,2,2,1,0,1,1,279.078796192426,-107.512364207688,0,0,0,0,0,0,0,0,0,0,0,0,0,0,0,0
1153,36.0820392,140.0794781,0,341.831136,28227.331513,44500.310999,-222.001833,0.000000000,0.000000000,-0.809882286,-0.586592434,2,2,0,0,1,-1,279.105785533159,-107.412176666385,,,,,,,,,,,,,,,,
1154,36.0820754,140.0794634,0,354.231448,28225.994562,44504.323427,-222.024011,0.000000000,0.000000000,-0.741791824,-0.670630218,2,2,0,1,1,1,277.78330775799,-103.382411099244,0,0,0,0,0,0,0,0,0,0,0,0,0,0,0,0
1155,36.0820762,140.0794633,0,6.222908,28225.985269,44504.412164,-222.024591,0.000000000,0.000000000,0.667683747,0.744445038,2,2,0,0,1,-1,277.774311311079,-103.293355507151,,,,,,,,,,,,,,,,
1156,36.082114,140.0794684,0,0.782570,28226.431109,44508.607813,-222.055936,0.000000000,0.000000000,0.702261348,0.711919236,2,2,0,0,1,-1,278.233130131662,-99.0854787550316,,,,,,,,,,,,,,,,
1157,36.0821495,140.079469,0,1.087974,28226.472461,44512.546967,-222.083699,0.000000000,0.000000000,0.700361483,0.713788340,2,2,0,0,1,-1,278.287108815684,-95.1336368315651,,,,,,,,,,,,,,,,
1158,36.0821878,140.0794699,0,6.167994,28226.539833,44516.796888,-222.113756,0.000000000,0.000000000,0.668040419,0.744124988,2,2,0,0,1,-1,278.368076842996,-90.8701003341899,,,,,,,,,,,,,,,,
1159,36.0822222,140.0794745,0,9.790303,28226.941853,44520.615139,-222.142272,0.000000000,0.000000000,0.644188357,0.764866891,2,2,0,0,1,-1,278.781913426468,-87.0407098512361,,,,,,,,,,,,,,,,
1160,36.0822592,140.0794824,0,355.144036,28227.640170,44524.722827,-222.174127,0.000000000,0.000000000,-0.736427571,-0.676516395,2,2,0,0,1,-1,279.492632773341,-82.9218886920014,,,,,,,,,,,,,,,,
1161,36.0822963,140.0794785,0,3.774515,28227.275641,44528.838220,-222.201341,0.000000000,0.000000000,0.683436144,0.730010299,2,2,0,0,1,-1,279.14177132336,-78.7919355835572,,,,,,,,,,,,,,,,
1162,36.0823306,140.0794813,0,10.828906,28227.515573,44532.644858,-222.229066,0.000000000,0.000000000,0.637229606,0.770674010,2,2,0,0,1,-1,279.393671852207,-74.9736770490219,,,,,,,,,,,,,,,,
1163,36.0823644,140.0794893,0,9.797557,28228.224039,44536.397512,-222.258487,0.000000000,0.000000000,0.644139937,0.764907669,2,2,0,0,1,-1,280.113387648548,-71.2110782605336,,,,,,,,,,,,,,,,
1164,36.0823995,140.0794968,0,6.965044,28228.887005,44540.294266,-222.288719,0.000000000,0.000000000,0.662848485,0.748753555,2,2,0,0,1,-1,280.788121205221,-67.3037641331139,,,,,,,,,,,,,,,,
1165,36.0824339,140.079502,0,11.422416,28229.343064,44544.112690,-222.317489,0.000000000,0.000000000,0.633229485,0.773964095,2,2,0,0,1,-1,281.255936472715,-63.47437365016,,,,,,,,,,,,,,,,
1166,36.0824671,140.0795103,0,7.057015,28230.078763,44547.798855,-222.346571,0.000000000,0.000000000,0.662247323,0.749285315,2,2,0,0,1,-1,282.002641609788,-59.7785665561373,,,,,,,,,,,,,,,,
1167,36.0825017,140.0795156,0,0.366523,28230.543757,44551.639499,-222.375542,0.000000000,0.000000000,0.704841475,0.709364853,2,2,0,0,1,-1,282.47945332675,-55.9269121739737,,,,,,,,,,,,,,,,
1168,36.0825396,140.0795159,0,5.033839,28230.557228,44555.844865,-222.405074,0.000000000,0.000000000,0.675372459,0.737476807,2,2,0,0,1,-1,282.506442667483,-51.7079034734361,,,,,,,,,,,,,,,,
1169,36.0825763,140.0795199,0,1.836857,28230.904381,44559.918145,-222.435159,0.000000000,0.000000000,0.695681784,0.718350093,2,2,0,0,1,-1,282.866300564375,-47.6224781610387,,,,,,,,,,,,,,,,
1170,36.0826141,140.0795214,0,4.993227,28231.025970,44564.112760,-222.465100,0.000000000,0.000000000,0.675633784,0.737237404,2,2,0,0,1,-1,283.001247278266,-43.4146014089196,,,,,,,,,,,,,,,,
1171,36.0826511,140.0795254,0,0.964588,28231.373015,44568.219327,-222.495423,0.000000000,0.000000000,0.701129645,0.713033815,2,2,0,0,1,-1,283.361105175159,-39.2957802496848,,,,,,,,,,,,,,,,
1172,36.0826895,140.0795262,0,7.506417,28231.431342,44572.480315,-222.525554,0.000000000,0.000000000,0.659303712,0.751876729,2,2,0,0,1,-1,283.43307675556,-35.0211118031002,,,,,,,,,,,,,,,,
1173,36.0827263,140.0795322,0,10.126284,28231.958594,44576.565266,-222.556528,0.000000000,0.000000000,0.641943011,0.766752353,2,2,0,0,1,-1,283.972863600898,-30.9245545422843,,,,,,,,,,,,,,,,
1174,36.0827625,140.0795402,0,4.704483,28232.666197,44580.584218,-222.587839,0.000000000,0.000000000,0.677489303,0.735532626,2,2,0,0,1,-1,284.692579397239,-26.8947889751429,,,,,,,,,,,,,,,,
1175,36.0828008,140.0795441,0,3.576231,28233.003769,44584.835001,-222.619142,0.000000000,0.000000000,0.684698297,0.728826620,2,2,0,0,1,-1,285.04344084722,-22.6312524777677,,,,,,,,,,,,,,,,
1176,36.0828383,140.079547,0,6.300235,28233.251558,44588.996731,-222.649427,0.000000000,0.000000000,0.667181239,0.744895425,2,2,0,0,1,-1,285.304337822978,-18.4567715732769,,,,,,,,,,,,,,,,
1177,36.0828749,140.079552,0,4.308380,28233.688812,44593.059203,-222.679855,0.000000000,0.000000000,0.680027730,0.733186393,2,2,0,0,1,-1,285.75416019665,-14.3824782100888,,,,,,,,,,,,,,,,
1178,36.0829103,140.0795553,0,1.622095,28233.973380,44596.988038,-222.708674,0.000000000,0.000000000,0.697026859,0.717045018,2,2,0,0,1,-1,286.051042960052,-10.4417682358318,,,,,,,,,,,,,,,,
1179,36.0829474,140.0795566,0,0.622347,28234.077203,44601.104926,-222.738015,0.000000000,0.000000000,0.703256073,0.710936632,2,2,0,0,1,-1,286.167996777565,-6.31181512738768,,,,,,,,,,,,,,,,
1180,36.0829846,140.0795571,0,346.874968,28234.108936,44605.232679,-222.767117,0.000000000,0.000000000,-0.783286923,-0.621660355,2,2,0,0,1,-1,286.212979014676,-2.17073007052508,,,,,,,,,,,,,,,,
1181,36.0830203,140.0795468,0,321.154175,28233.168474,44609.190892,-222.790733,0.000000000,0.000000000,-0.902005245,-0.431725073,2,2,0,0,1,-1,285.286344929156,1.80337575136017,,,,,,,,,,,,,,,,
1182,36.0830489,140.0795183,0,287.542646,28230.591319,44612.356078,-222.801549,0.000000000,0.000000000,-0.988304828,-0.152491201,2,2,0,0,1,-1,282.72235740613,4.98711318807755,,,,,,,,,,,,,,,,
1183,36.0830594,140.0794772,0,286.138517,28226.885783,44613.509318,-222.793261,0.000000000,0.000000000,-0.990099114,-0.140370024,2,2,0,0,1,-1,279.024817505847,6.15596784082877,,,,,,,,,,,,,,,,
1184,36.0830699,140.0794323,0,317.368035,28222.837991,44614.661468,-222.783454,0.000000000,0.000000000,-0.915774680,-0.401692339,2,2,0,0,1,-1,274.985412605051,7.32482249437095,,,,,,,,,,,,,,,,
1185,36.0830965,140.079402,0,275.017481,28220.099434,44617.604226,-222.792004,0.000000000,0.000000000,-0.999041556,-0.043771792,2,2,0,0,1,-1,272.2594890274,10.2859209492729,,,,,,,,,,,,,,,,
1186,36.0830997,140.0793569,0,281.834125,28216.036239,44617.946333,-222.776449,0.000000000,0.000000000,-0.994672162,-0.103088752,2,2,0,0,1,-1,268.202091230226,10.6421433200194,,,,,,,,,,,,,,,,
1187,36.0831071,140.0793132,0,275.988878,28212.097639,44618.754865,-222.764720,0.000000000,0.000000000,-0.998634610,-0.052239031,2,2,0,0,1,-1,264.270643697475,11.4659075520245,,,,,,,,,,,,,,,,
1188,36.083111,140.0792672,0,268.040512,28207.953134,44619.174388,-222.749355,0.000000000,0.000000000,-0.999853803,0.017098925,2,2,0,0,1,-1,260.132277872989,11.900053565655,,,,,,,,,,,,,,,,
1189,36.0831098,140.0792238,0,274.685660,28204.044627,44619.028778,-222.731068,0.000000000,0.000000000,-0.999164116,-0.040878704,2,2,0,0,1,-1,256.22781968097,11.7664701767239,,,,,,,,,,,,,,,,
1190,36.0831129,140.079177,0,272.132480,28199.828354,44619.359309,-222.714766,0.000000000,0.000000000,-0.999826850,-0.018608325,2,2,0,0,1,-1,252.017482276083,12.111560598261,,,,,,,,,,,,,,,,
1191,36.0831142,140.0791338,0,281.551461,28195.936968,44619.491152,-222.698506,0.000000000,0.000000000,-0.994923425,-0.100634874,2,2,0,0,1,-1,248.131016980443,12.2562759364014,,,,,,,,,,,,,,,,
1192,36.0831216,140.079089,0,273.667551,28191.899296,44620.299378,-222.686351,0.000000000,0.000000000,-0.999487870,-0.031999956,2,2,0,0,1,-1,244.100608524002,13.0800401684066,,,,,,,,,,,,,,,,
1193,36.0831239,140.0790446,0,274.893847,28187.899472,44620.541838,-222.670395,0.000000000,0.000000000,-0.999088200,-0.042693891,2,2,0,0,1,-1,240.106185860317,13.3360749970593,,,,,,,,,,,,,,,,
1194,36.083127,140.0789998,0,261.265231,28183.863336,44620.872950,-222.654903,0.000000000,0.000000000,-0.997096263,0.076151446,2,2,0,0,1,-1,236.075777403876,13.6811654185963,,,,,,,,,,,,,,,,
1195,36.0831214,140.0789547,0,270.624625,28179.803284,44620.238651,-222.632531,0.000000000,0.000000000,-0.999985144,-0.005450854,2,2,0,0,1,-1,232.018379606701,13.0577762699877,,,,,,,,,,,,,,,,
1196,36.0831218,140.0789093,0,284.397227,28175.714071,44620.270011,-222.614706,0.000000000,0.000000000,-0.992117734,-0.125309225,2,2,0,0,1,-1,227.933992466237,13.1023040668254,,,,,,,,,,,,,,,,
1197,36.0831307,140.0788664,0,281.286607,28171.846995,44621.245226,-222.604489,0.000000000,0.000000000,-0.995153364,-0.098335053,2,2,0,0,1,-1,224.074516511331,14.0930475345989,,,,,,,,,,,,,,,,
1198,36.0831377,140.078823,0,272.372416,28167.935563,44622.009481,-222.592597,0.000000000,0.000000000,-0.999785696,-0.020701756,2,2,0,0,1,-1,220.170058321869,14.8722839705573,,,,,,,,,,,,,,,,
1199,36.0831392,140.0787782,0,272.223676,28163.899999,44622.163071,-222.575874,0.000000000,0.000000000,-0.999811724,-0.019404016,2,2,0,0,1,-1,216.139649865428,15.0392632063256,,,,,,,,,,,,,,,,
1200,36.0831407,140.0787304,0,286.521988,28159.594232,44622.315803,-222.557956,0.000000000,0.000000000,-0.989623835,-0.143682515,2,2,0,0,1,-1,211.839347986317,15.2062424428849,,,,,,,,,,,,,,,,
1201,36.0831512,140.0786866,0,288.261167,28155.645527,44623.468299,-222.548633,0.000000000,0.000000000,-0.987329244,-0.158685109,2,2,0,0,1,-1,207.898904006655,16.3750970956362,,,,,,,,,,,,,,,,
1202,36.0831624,140.0786446,0,293.973824,28151.858695,44624.698983,-222.540575,0.000000000,0.000000000,-0.978195068,-0.207688248,2,2,0,0,1,-1,204.120396079061,17.6218753928533,,,,,,,,,,,,,,,,
1203,36.0831647,140.0786382,0,245.827015,28151.281442,44624.952350,-222.539809,0.000000000,0.000000000,-0.977832627,0.209388044,2,2,0,0,1,-1,203.544623443522,17.877910221506,,,,,,,,,,,,,,,,
1204,36.0831536,140.0786076,0,282.727816,28148.529331,44623.711956,-222.518969,0.000000000,0.000000000,-0.993837939,-0.110842912,2,2,1,0,1,1,200.791710525138,16.6422638734983,0,0,0,0,0,0,0,0,0,0,0,0,0,0,0,0
1205,36.0831559,140.078595,0,274.298000,28147.393659,44623.963547,-222.515729,0.000000000,0.000000000,-0.999296690,-0.037498332,2,2,0,0,1,-1,199.658158147883,16.8982987029419,,,,,,,,,,,,,,,,
1206,36.0831587,140.0785489,0,273.709208,28143.240545,44624.261018,-222.499511,0.000000000,0.000000000,-0.999476171,-0.032363294,2,2,0,0,1,-1,195.510795873928,17.2099932768507,,,,,,,,,,,,,,,,
1207,36.083161,140.078505,0,275.314059,28139.285758,44624.503644,-222.483785,0.000000000,0.000000000,-0.998924923,-0.046357293,2,2,0,0,1,-1,191.561355447356,17.4660281055034,,,,,,,,,,,,,,,,
1208,36.0831643,140.0784611,0,276.562433,28135.330615,44624.857228,-222.468838,0.000000000,0.000000000,-0.998360634,-0.057236734,2,2,0,0,1,-1,187.611915018226,17.8333824254593,,,,,,,,,,,,,,,,
1209,36.0831684,140.078417,0,278.300410,28131.357174,44625.299522,-222.454436,0.000000000,0.000000000,-0.997377751,-0.072371417,2,2,0,0,1,-1,183.644481695274,18.2897923375086,,,,,,,,,,,,,,,,
1210,36.0831738,140.0783712,0,272.924383,28127.230155,44625.885576,-222.440369,0.000000000,0.000000000,-0.999674381,-0.025517286,2,2,0,0,1,-1,179.52410876461,18.8909175876983,,,,,,,,,,,,,,,,
1211,36.0831756,140.0783276,0,269.220981,28123.302568,44626.072816,-222.424384,0.000000000,0.000000000,-0.999976892,0.006798171,2,2,0,0,1,-1,175.60165767877,19.0912926710949,,,,,,,,,,,,,,,,
1212,36.0831751,140.0782821,0,272.042722,28119.204671,44626.004311,-222.405856,0.000000000,0.000000000,-0.999841119,-0.017825168,2,2,0,0,1,-1,171.508274091395,19.0356329258388,,,,,,,,,,,,,,,,
1213,36.0831764,140.078237,0,272.366812,28115.142160,44626.135647,-222.388889,0.000000000,0.000000000,-0.999786707,-0.020652863,2,2,0,0,1,-1,167.45087629422,19.1803482639792,,,,,,,,,,,,,,,,
1214,36.083178,140.0781891,0,275.679857,28110.827354,44626.299469,-222.371042,0.000000000,0.000000000,-0.998771852,-0.049545810,2,2,0,0,1,-1,163.141577968199,19.358459448957,,,,,,,,,,,,,,,,
1215,36.0831814,140.0781468,0,283.697394,28107.016285,44626.664620,-222.356829,0.000000000,0.000000000,-0.992864515,-0.119247870,2,2,0,0,1,-1,159.336080697314,19.7369457181223,,,,,,,,,,,,,,,,
1216,36.0831905,140.0781006,0,276.907256,28102.851925,44627.661113,-222.345495,0.000000000,0.000000000,-0.998183881,-0.060240685,2,2,0,0,1,-1,155.179721979006,20.7499530843146,,,,,,,,,,,,,,,,
1217,36.0831947,140.0780577,0,270.936886,28098.986532,44628.114861,-222.331669,0.000000000,0.000000000,-0.999966578,-0.008175782,2,2,0,0,1,-1,151.320246024099,21.2174949455732,,,,,,,,,,,,,,,,
1218,36.0831953,140.0780123,0,282.679154,28094.897252,44628.168449,-222.314051,0.000000000,0.000000000,-0.993884919,-0.110420862,2,2,0,0,1,-1,147.235858883635,21.2842866400388,,,,,,,,,,,,,,,,
1219,36.0832033,140.0779683,0,274.298003,28090.931433,44629.043524,-222.302747,0.000000000,0.000000000,-0.999296689,-0.037498358,2,2,0,0,1,-1,143.277422007595,22.1748425665094,,,,,,,,,,,,,,,,
1220,36.0832061,140.0779222,0,272.224341,28086.778323,44629.341022,-222.286566,0.000000000,0.000000000,-0.999811612,-0.019409818,2,2,0,0,1,-1,139.130059736197,22.4865371404182,,,,,,,,,,,,,,,,
1221,36.0832075,140.0778776,0,276.864142,28082.760813,44629.483611,-222.269896,0.000000000,0.000000000,-0.998206475,-0.059865124,2,2,0,0,1,-1,135.117644176134,22.6423844277681,,,,,,,,,,,,,,,,
1222,36.0832118,140.0778334,0,261.999602,28078.778299,44629.948091,-222.255643,0.000000000,0.000000000,-0.997563808,0.069759938,2,2,0,0,1,-1,131.141214406272,23.1210582382362,,,,,,,,,,,,,,,,
1223,36.0832067,140.0777885,0,260.655095,28074.736079,44629.369376,-222.233807,0.000000000,0.000000000,-0.996676667,0.081459321,2,2,0,0,1,-1,127.101809502919,22.5533288348838,,,,,,,,,,,,,,,,
1224,36.0832015,140.0777494,0,274.314776,28071.216287,44628.781224,-222.214203,0.000000000,0.000000000,-0.999291190,-0.037644627,2,2,1,0,1,1,123.584198551083,21.9744674831129,0,0,0,0,0,0,0,0,0,0,0,0,0,0,0,0
1225,36.083202,140.0777412,0,270.832071,28070.477555,44628.834359,-222.211328,0.000000000,0.000000000,-0.999973638,-0.007261125,2,2,0,0,1,-1,122.84648986092,22.030127228369,,,,,,,,,,,,,,,,
1226,36.0832025,140.0776986,0,264.876299,28066.640500,44628.877665,-222.194766,0.000000000,0.000000000,-0.999000553,0.044697829,2,2,0,0,1,-1,119.014003249303,22.0857869736251,,,,,,,,,,,,,,,,
1227,36.083199,140.0776503,0,258.424444,28062.291481,44628.475516,-222.172828,0.000000000,0.000000000,-0.994902243,0.100844073,2,2,0,0,1,-1,114.668719133081,21.6961687560413,,,,,,,,,,,,,,,,
1228,36.0831917,140.0776062,0,269.845891,28058.322095,44627.652930,-222.149610,0.000000000,0.000000000,-0.999999096,0.001344854,2,2,0,0,1,-1,110.701285810129,20.8835364732456,,,,,,,,,,,,,,,,
1229,36.0831916,140.0775602,0,263.858735,28054.179023,44627.628696,-222.131236,0.000000000,0.000000000,-0.998564258,0.053566996,2,2,0,0,1,-1,106.562919985643,20.8724045240362,,,,,,,,,,,,,,,,
1230,36.0831894,140.0775349,0,195.409075,28051.901095,44627.377365,-222.119463,0.000000000,0.000000000,-0.795521469,0.605925401,2,2,0,0,1,-1,104.286818781664,20.627501643802,,,,,,,,,,,,,,,,
1231,36.0831548,140.0775231,0,170.532262,28050.850589,44623.534875,-222.087875,0.000000000,0.000000000,-0.646338834,0.763050530,2,2,0,0,1,-1,103.22523798481,16.7758472624293,,,,,,,,,,,,,,,,
1232,36.0831485,140.0775244,0,201.878235,28050.969914,44622.836215,-222.083495,0.000000000,0.000000000,-0.828442906,0.560073523,2,2,0,0,1,-1,103.342191799765,16.0745344709368,,,,,,,,,,,,,,,,
1233,36.0831165,140.0775085,0,192.233754,28049.549206,44619.281043,-222.052301,0.000000000,0.000000000,-0.778428087,0.627733792,2,2,0,0,1,-1,101.911756656551,12.5123107650541,,,,,,,,,,,,,,,,
1234,36.0831042,140.0775052,0,176.956526,28049.256352,44617.915326,-222.041429,0.000000000,0.000000000,-0.688079332,0.725635468,2,2,0,0,1,-1,101.614873890592,11.1430810289063,,,,,,,,,,,,,,,,
1235,36.0830966,140.0775057,0,199.695025,28049.304085,44617.072194,-222.035721,0.000000000,0.000000000,-0.817622624,0.575754501,2,2,0,0,1,-1,101.659856127704,10.2970528984823,,,,,,,,,,,,,,,,
1236,36.0830747,140.077496,0,173.689254,28048.438207,44614.639460,-222.014844,0.000000000,0.000000000,-0.667112910,0.744956619,2,2,0,0,1,-1,100.787200726206,7.85915605009516,,,,,,,,,,,,,,,,
1237,36.0830652,140.0774973,0,189.824925,28048.558670,44613.585738,-222.007978,0.000000000,0.000000000,-0.765061487,0.643957235,2,2,0,0,1,-1,100.904154543719,6.80162088785616,,,,,,,,,,,,,,,,
1238,36.0830526,140.0774946,0,168.975434,28048.319962,44612.186905,-221.997113,0.000000000,0.000000000,-0.635912786,0.771760927,2,2,0,0,1,-1,100.661250461783,5.39899530328915,,,,,,,,,,,,,,,,
1239,36.0830414,140.0774973,0,190.876868,28048.567123,44610.944955,-221.989483,0.000000000,0.000000000,-0.770940653,0.636906986,2,2,0,0,1,-1,100.904154543719,4.15221700686299,,,,,,,,,,,,,,,,
1240,36.0830271,140.0774939,0,175.379600,28048.265972,44609.357296,-221.977019,0.000000000,0.000000000,-0.678028827,0.735035312,2,2,0,0,1,-1,100.598275330849,2.56034828810882,,,,,,,,,,,,,,,,
1241,36.0830231,140.0774943,0,193.386635,28048.303420,44608.913581,-221.974070,0.000000000,0.000000000,-0.784704079,0.619870557,2,2,0,0,1,-1,100.634261118493,2.11507032526897,,,,,,,,,,,,,,,,
1242,36.0830068,140.0774895,0,169.185597,28047.876884,44607.103607,-221.959496,0.000000000,0.000000000,-0.637327139,0.770593354,2,2,0,0,1,-1,100.2024316412,0.300562625490353,,,,,,,,,,,,,,,,
1243,36.0829958,140.0774921,0,189.181480,28048.114968,44605.883820,-221.951983,0.000000000,0.000000000,-0.761433550,0.648242971,2,2,0,0,1,-1,100.436339276225,-0.923951773307945,,,,,,,,,,,,,,,,
1244,36.0829848,140.0774899,0,169.871133,28047.920726,44604.662662,-221.942561,0.000000000,0.000000000,-0.641925728,0.766766823,2,2,0,0,1,-1,100.2384174314,-2.14846617210624,,,,,,,,,,,,,,,,
1245,36.0829753,140.077492,0,189.322444,28048.113242,44603.609167,-221.936015,0.000000000,0.000000000,-0.762230405,0.647305808,2,2,0,0,1,-1,100.427342829314,-3.20600133434524,,,,,,,,,,,,,,,,
1246,36.0829561,140.0774881,0,175.379597,28047.768797,44601.477675,-221.919548,0.000000000,0.000000000,-0.678028808,0.735035330,2,2,0,0,1,-1,100.076481376776,-5.34333555803304,,,,,,,,,,,,,,,,
1247,36.0829541,140.0774883,0,188.102174,28047.787521,44601.255817,-221.918073,0.000000000,0.000000000,-0.755294246,0.655385842,2,2,0,0,1,-1,100.094474273155,-5.56597453984845,,,,,,,,,,,,,,,,
1248,36.0829172,140.0774818,0,192.214521,28047.215186,44597.159639,-221.886822,0.000000000,0.000000000,-0.778322718,0.627864434,2,2,0,0,1,-1,99.5097051881484,-9.67366374987378,,,,,,,,,,,,,,,,
1249,36.0829004,140.0774773,0,175.491815,28046.815848,44595.294272,-221.871982,0.000000000,0.000000000,-0.678748293,0.734370993,2,2,0,0,1,-1,99.1048650541448,-11.5438311949085,,,,,,,,,,,,,,,,
1250,36.0828922,140.0774781,0,185.828797,28046.890814,44594.384651,-221.865931,0.000000000,0.000000000,-0.742144297,0.670240138,2,2,0,0,1,-1,99.176836634546,-12.456651019798,,,,,,,,,,,,,,,,
1251,36.0828827,140.0774769,0,172.521222,28046.786107,44593.330215,-221.858074,0.000000000,0.000000000,-0.659485042,0.751717686,2,2,0,0,1,-1,99.0688792639442,-13.514186182037,,,,,,,,,,,,,,,,
1252,36.082863,140.0774801,0,193.775707,28047.081321,44591.145270,-221.844045,0.000000000,0.000000000,-0.786804195,0.617202689,2,2,0,0,1,-1,99.356765582992,-15.7071801509809,,,,,,,,,,,,,,,,
1253,36.0828452,140.0774747,0,173.916870,28046.601276,44589.168689,-221.828072,0.000000000,0.000000000,-0.668591319,0.743630048,2,2,0,0,1,-1,98.8709574191194,-17.6886670865278,,,,,,,,,,,,,,,,
1254,36.0828361,140.0774759,0,193.248987,28046.712590,44588.159321,-221.821481,0.000000000,0.000000000,-0.783958922,0.620812701,2,2,0,0,1,-1,98.9789147897212,-18.7016744527201,,,,,,,,,,,,,,,,
1255,36.0828234,140.0774722,0,169.498877,28046.383849,44586.749108,-221.810147,0.000000000,0.000000000,-0.639431467,0.768848099,2,2,0,0,1,-1,98.6460462335618,-20.1154319864966,,,,,,,,,,,,,,,,
1256,36.0828125,140.0774747,0,187.946706,28046.612890,44585.540387,-221.802675,0.000000000,0.000000000,-0.754404380,0.656409957,2,2,0,0,1,-1,98.8709574191194,-21.3288144360855,,,,,,,,,,,,,,,,
1257,36.0828015,140.0774728,0,172.025767,28046.445668,44584.319315,-221.793377,0.000000000,0.000000000,-0.656228716,0.754562040,2,2,0,0,1,-1,98.7000249175842,-22.5533288348838,,,,,,,,,,,,,,,,
1258,36.0827865,140.0774754,0,189.800445,28046.685172,44582.655699,-221.782762,0.000000000,0.000000000,-0.764923902,0.644120659,2,2,0,0,1,-1,98.9339325526096,-24.2231211965219,,,,,,,,,,,,,,,,
1259,36.0827734,140.0774726,0,179.158160,28046.437634,44581.201359,-221.771476,0.000000000,0.000000000,-0.701893029,0.712282371,2,2,0,0,1,-1,98.6820320237624,-25.6814065255541,,,,,,,,,,,,,,,,
1260,36.0827679,140.0774727,0,196.043579,28046.448594,44580.591123,-221.767244,0.000000000,0.000000000,-0.798864322,0.601511260,2,2,0,0,1,-1,98.6910284706733,-26.2936637249532,,,,,,,,,,,,,,,,
1261,36.0827516,140.0774669,0,174.290572,28045.931989,44578.780864,-221.752281,0.000000000,0.000000000,-0.671012860,0.741445711,2,2,0,0,1,-1,98.1692345191571,-28.1081714247318,,,,,,,,,,,,,,,,
1262,36.0827419,140.0774681,0,190.710711,28046.043515,44577.704921,-221.745226,0.000000000,0.000000000,-0.770016332,0.638024175,2,2,0,0,1,-1,98.2771918897589,-29.1879704861806,,,,,,,,,,,,,,,,
1263,36.0827231,140.0774637,0,176.593482,28045.653893,44575.617669,-221.728879,0.000000000,0.000000000,-0.685776956,0.727811766,2,2,0,0,1,-1,97.8813482001092,-31.2807769130308,,,,,,,,,,,,,,,,
1264,36.0826878,140.0774663,0,175.755318,28045.900607,44571.701620,-221.702505,0.000000000,0.000000000,-0.680435181,0.732808273,2,2,0,0,1,-1,98.1152558351346,-35.2103549380783,,,,,,,,,,,,,,,,
1265,36.082678,140.0774672,0,193.895866,28045.985149,44570.614496,-221.695254,0.000000000,0.000000000,-0.787450952,0.616377318,2,2,0,0,1,-1,98.1962238624467,-36.3012859471546,,,,,,,,,,,,,,,,
1266,36.0826633,140.0774627,0,174.158974,28045.585063,44568.982140,-221.682052,0.000000000,0.000000000,-0.670160934,0.742215819,2,2,0,0,1,-1,97.7913837258862,-37.9376824619555,,,,,,,,,,,,,,,,
1267,36.0826475,140.0774647,0,186.306664,28045.770810,44567.229586,-221.670582,0.000000000,0.000000000,-0.744932855,0.667139447,2,2,0,0,1,-1,97.9713126768892,-39.696530416478,,,,,,,,,,,,,,,,
1268,36.0826358,140.0774631,0,168.577605,28045.630857,44565.930929,-221.660863,0.000000000,0.000000000,-0.633229626,0.773963979,2,2,0,0,1,-1,97.8273695160868,-40.9989684589512,,,,,,,,,,,,,,,,
1269,36.0826354,140.0774632,0,168.577609,28045.640006,44565.886575,-221.660592,0.000000000,0.000000000,-0.633229653,0.773963957,2,2,0,0,1,-1,97.8363659629977,-41.0434962549979,,,,,,,,,,,,,,,,
1270,36.082635,140.0774633,0,168.577609,28045.649154,44565.842221,-221.660321,0.000000000,0.000000000,-0.633229653,0.773963957,2,2,1,0,1,1,97.8453624124656,-41.0880240518356,0,0,0,0,0,0,0,0,0,0,0,0,0,0,0,0
