label,latitude,longitude,altitude,heading_deg,right_is_open,left_is_open,line_is_stop,signal_is_stop,isnot_skipnum,node,utm_x,utm_y
2000,36.0819119,140.0797884,,148.722566,2,2,0,0,1,-1,307.021761954622,-121.583147843868
2001,36.0818817,140.0798111,,174.926264,2,2,0,0,1,-1,309.063955526132,-124.944996466354
2002,36.0818462,140.079815,,176.531359,2,2,0,0,1,-1,309.414816976113,-128.89683838903
2003,36.0818102,140.0798177,,189.816036,2,2,0,0,1,-1,309.65772105805,-132.904340057752
2004,36.0817747,140.0798101,,185.928576,2,2,0,0,1,-1,308.973991051909,-136.856181981219
2005,36.0817389,140.0798055,,182.972245,2,2,0,0,1,-1,308.560154468438,-140.841419751522
2006,36.0817031,140.0798032,,186.918171,2,2,0,0,1,-1,308.353236176702,-144.826657521826
2007,36.0816658,140.0797976,,176.622076,2,2,0,0,1,-1,307.849435121565,-148.978874528689
2008,36.0816302,140.0798002,,183.689460,2,2,0,0,1,-1,308.083342754033,-152.941848400574
2009,36.0815926,140.0797972,,177.491832,2,2,0,0,1,-1,307.813449331364,-157.127461254274
2010,36.0815557,140.0797992,,182.606949,2,2,0,0,1,-1,307.99337827981,-161.23515046509
2011,36.0815202,140.0797972,,178.408250,2,2,0,0,1,-1,307.813449331364,-165.186992387766
2012,36.0814853,140.0797984,,188.323804,2,2,0,0,1,-1,307.921406699409,-169.072042616767
2013,36.0814505,140.0797921,,190.700167,2,2,0,0,1,-1,307.354630510781,-172.945960896558
2014,36.081415,140.0797838,,183.863317,2,2,0,0,1,-1,306.607925373707,-176.897802819234
2015,36.0813779,140.0797807,,179.879098,2,2,0,0,1,-1,306.32903550157,-181.027755927678
2016,36.0813396,140.0797808,,182.395886,2,2,0,0,1,-1,306.338031948481,-185.291292425053
2017,36.0813029,140.0797789,,185.719069,2,2,0,0,1,-1,306.167099446946,-189.376717737451
2018,36.0812682,140.0797746,,186.300366,2,2,0,0,1,-1,305.780252209321,-193.239504068033
2019,36.0812316,140.0797696,,188.023673,2,2,0,0,1,-1,305.330429835649,-197.313797431221
2020,36.0811972,140.0797636,,182.415613,2,2,0,0,1,-1,304.790642990311,-201.143187914174
2021,36.0811608,140.0797617,,184.939474,2,2,0,0,1,-1,304.619710488776,-205.195217378944
2022,36.0811262,140.079758,,184.117815,2,2,0,0,1,-1,304.286841932617,-209.046871760316
2023,36.0810914,140.0797549,,185.386392,2,2,0,0,1,-1,304.00795206048,-212.920790040108
2024,36.0810554,140.0797507,,192.000042,2,2,0,0,1,-1,303.630101269766,-216.92829170883
2025,36.0810208,140.0797416,,180.273996,2,2,0,0,1,-1,302.811424552291,-220.779946090203
2026,36.080987,140.0797414,,182.161599,2,2,0,0,1,-1,302.793431655912,-224.542544878691
2027,36.0809506,140.0797397,,178.616133,2,2,0,0,1,-1,302.640492050756,-228.59457434346
2028,36.0809138,140.0797408,,171.431200,2,2,0,0,1,-1,302.73945297189,-232.691131605067
2029,36.0808784,140.0797474,,171.488051,2,2,0,0,1,-1,303.333218503807,-236.631841579324
2030,36.080846,140.0797534,,170.237778,2,2,0,0,1,-1,303.873005349145,-240.238593080463
2031,36.0808103,140.079761,,169.048074,2,2,0,0,1,-1,304.556735355286,-244.212698902348
2032,36.0807748,140.0797695,,165.177696,2,2,0,0,1,-1,305.321433388738,-248.164540825023
2033,36.0807409,140.0797806,,154.369165,2,2,0,0,1,-1,306.320039054659,-251.938271563512
2034,36.0807094,140.0797993,,155.980493,2,2,0,0,1,-1,308.002374726721,-255.444835523348
2035,36.0806773,140.079817,,155.873262,2,2,0,0,1,-1,309.594745924559,-259.018191177649
2036,36.080645,140.0798349,,155.413089,2,2,0,0,1,-1,311.20511001622,-262.613810730369
2037,36.0806125,140.0798533,,148.030975,2,2,0,0,1,-1,312.860456347549,-266.231694180717
2038,36.0805844,140.079875,,130.106794,2,2,0,0,1,-1,314.812685442279,-269.359771872178
2039,36.0805618,140.0799082,,89.001582,2,2,0,0,1,-1,317.799505995688,-271.87559236424
2040,36.0805624,140.0799508,,72.811406,2,2,0,0,1,-1,321.631992607305,-271.808800669774
2041,36.0805734,140.0799948,,73.145138,2,2,0,0,1,-1,325.590429480789,-270.584286270976
2042,36.0805841,140.0800385,,72.883966,2,2,0,0,1,-1,329.521877016097,-269.393167719806
2043,36.0805952,140.0800831,,74.307783,2,2,0,0,1,-1,333.53429257616,-268.157521371798
2044,36.0806046,140.0801245,,75.037757,2,2,0,0,1,-1,337.258821817175,-267.111118157978
2045,36.0806146,140.0801708,,73.885673,2,2,0,0,1,-1,341.424176984951,-265.997923250483
2046,36.0806245,140.0802132,,72.405124,2,2,0,0,1,-1,345.238670702746,-264.895860291406
2047,36.0806357,140.0802569,,72.065574,2,2,0,0,1,-1,349.170118235497,-263.64908199498
2048,36.080647,140.0803001,,75.128496,2,2,0,0,1,-1,353.056583531136,-262.391171748553
2049,36.0806564,140.0803439,,70.979375,2,2,0,0,1,-1,356.997027513355,-261.344768535524
2050,36.0806676,140.0803841,,69.257458,2,2,0,0,1,-1,360.613599386325,-260.097990238307
2051,36.0806807,140.0804269,,73.005538,2,2,0,0,1,-1,364.464078891764,-258.639704909274
2052,36.080691,140.0804686,,74.454318,2,2,0,0,1,-1,368.215597476069,-257.49311415336
2053,36.0807006,140.0805113,,73.142080,2,2,0,0,1,-1,372.057080534597,-256.424447041912
2054,36.0807114,140.0805554,,71.049534,2,2,0,0,1,-1,376.024513857548,-255.222196541532
2055,36.0807225,140.0805954,,69.418335,2,2,0,0,1,-1,379.623092836696,-253.986550193525
2056,36.0807347,140.0806356,,32.495570,2,2,0,0,1,-1,383.239664709667,-252.628452405795
2057,36.0807465,140.0806449,,0.661481,2,2,0,0,1,-1,384.076334320964,-251.314882414903
2058,36.0807815,140.0806454,,348.119447,2,2,0,0,1,-1,384.121316558075,-247.418700236693
2059,36.0808203,140.0806353,,347.513237,2,2,0,0,1,-1,383.212675366377,-243.099503994062
2060,36.0808557,140.0806256,,339.288452,2,2,0,0,1,-1,382.34001996488,-239.158794019805
2061,36.0808899,140.0806096,,334.724910,2,2,0,0,1,-1,380.900588374754,-235.35166743527
2062,36.0809178,140.0805933,,316.683878,2,2,0,0,1,-1,379.434167441339,-232.245853641436
2063,36.080919,140.0805919,,323.409683,2,2,0,0,1,-1,379.308217176916,-232.112270252505
2064,36.0809276,140.080584,,316.212534,2,2,0,0,1,-1,378.597497827486,-231.15492263236
2065,36.0809534,140.0805534,,306.215434,2,2,0,0,1,-1,375.844584909102,-228.282879769552
2066,36.080965,140.0805338,,328.995881,2,2,0,0,1,-1,374.081281209728,-226.991573676288
2067,36.0809689,140.0805309,,314.285426,2,2,0,0,1,-1,373.82038423397,-226.557427662657
2068,36.0809931,140.0805002,,314.960593,2,2,0,0,1,-1,371.058474868676,-223.863495984827
2069,36.0810182,140.0804691,,308.351086,2,2,0,0,1,-1,368.26057971318,-221.069376766484
2070,36.0810409,140.0804336,,312.120234,2,2,0,0,1,-1,365.066840870592,-218.542424325212
2071,36.0810656,140.0803998,,314.755038,2,2,0,0,1,-1,362.026041633161,-215.792832902916
2072,36.0810902,140.0803691,,307.998430,2,2,0,0,1,-1,359.264132267866,-213.054373429039
2073,36.0811075,140.0803417,,326.905245,2,2,0,0,1,-1,356.79910566853,-211.128546237957
2074,36.0811106,140.0803392,,313.346028,2,2,0,0,1,-1,356.574194482973,-210.783455817211
2075,36.0811344,140.080308,,311.946076,2,2,0,0,1,-1,353.767302880566,-208.134051936218
2076,36.0811413,140.0802985,,333.493614,2,2,0,0,1,-1,352.912640372891,-207.365947449469
2077,36.0811729,140.080279,,345.417524,2,2,0,0,1,-1,351.158333120428,-203.848251540424
2078,36.0812108,140.0802668,,350.943716,2,2,0,0,1,-1,350.060766533373,-199.629242839095
2079,36.0812468,140.0802597,,1.600569,2,2,0,0,1,-1,349.422018764344,-195.621741171164
2080,36.0812844,140.080261,,8.043854,2,2,0,0,1,-1,349.538972581857,-191.436128316672
2081,36.081321,140.0802674,,2.257630,2,2,0,0,1,-1,350.114745217396,-187.361834954275
2082,36.0813579,140.0802692,,6.278102,2,2,0,0,1,-1,350.27668127202,-183.254145743459
2083,36.0813961,140.0802744,,1.304151,2,2,0,0,1,-1,350.744496539514,-179.001741195293
2084,36.0814316,140.0802754,,7.265310,2,2,0,0,1,-1,350.834461013737,-175.049899272618
2085,36.0814671,140.080281,,2.867229,2,2,0,0,1,-1,351.338262068874,-171.098057349151
2086,36.0815026,140.0802832,,1.966874,2,2,0,0,1,-1,351.536183913699,-167.146215425685
2087,36.0815379,140.0802847,,2.228874,2,2,0,0,1,-1,351.671130625033,-163.216637400637
2088,36.0815732,140.0802864,,358.575517,2,2,0,0,1,-1,351.824070232747,-159.28705937559
2089,36.0816122,140.0802852,,3.616826,2,2,0,0,1,-1,351.716112862145,-154.945599235331
2090,36.081648,140.080288,,326.709293,2,2,0,0,1,-1,351.968013390992,-150.960361464236
2091,36.0816496,140.0802867,,312.920808,2,2,0,0,1,-1,351.851059573479,-150.782250279258
2092,36.0816617,140.0802706,,325.746505,2,2,0,0,1,-1,350.402631536443,-149.435284440738
2093,36.0816725,140.0802615,,313.845791,2,2,0,0,1,-1,349.583954818968,-148.233033940359
2094,36.0816895,140.0802396,,333.368081,2,2,0,0,1,-1,347.613732827859,-146.340602596905
2095,36.0817227,140.080219,,352.432507,2,2,0,0,1,-1,345.760464654262,-142.644795502092
2096,36.0817592,140.080213,,18.660384,2,2,0,0,1,-1,345.220677806367,-138.581634088113
2097,36.0817939,140.0802275,,65.876969,2,2,0,0,1,-1,346.525162687715,-134.718847757531
2098,36.0818091,140.0802695,,62.993009,2,2,0,0,1,-1,350.303670612752,-133.026791497474
2099,36.0818257,140.0803098,,52.315635,2,2,0,0,1,-1,353.929238932634,-131.178887950858
2100,36.0818473,140.0803444,,62.334340,2,2,0,0,1,-1,357.042009750466,-128.774386949308
2101,36.0818634,140.0803824,,82.241329,2,2,0,0,1,-1,360.460659778612,-126.982143147948
2102,36.0818683,140.0804269,,81.681817,2,2,0,0,1,-1,364.464078891764,-126.436677643015
2103,36.0818737,140.0804726,,89.999987,2,2,0,0,1,-1,368.575455375518,-125.835552392825
2104,36.0818737,140.0805166,,91.946016,2,2,0,0,1,-1,372.533892249001,-125.835552392825
2105,36.0818725,140.0805603,,89.845867,2,2,0,0,1,-1,376.465339784309,-125.969135781756
2106,36.0818726,140.0806063,,99.217364,2,2,0,0,1,-1,380.603705608796,-125.958003832547
2107,36.081867,140.080649,,84.587239,2,2,0,0,1,-1,384.445188667324,-126.581392981155
2108,36.0818704,140.0806934,,84.677364,2,2,0,0,1,-1,388.439611333565,-126.20290671199
2109,36.0818736,140.0807359,,77.387894,2,2,0,0,1,-1,392.263101498271,-125.846684341243
2110,36.0818819,140.0807818,,73.122731,2,2,0,0,1,-1,396.392470873289,-124.922732567936
2111,36.0818921,140.0808234,,72.925927,2,2,0,0,1,-1,400.134993010683,-123.787273762022
2112,36.0819026,140.0808657,,74.300101,2,2,0,0,1,-1,403.940490281568,-122.618419108479
2113,36.0819123,140.0809084,,60.956547,2,2,0,0,1,-1,407.781973340095,-121.538620047822
2114,36.0819307,140.0809494,,40.909822,2,2,0,0,1,-1,411.47051679091,-119.490341417018
2115,36.0819584,140.0809791,,23.499770,2,2,0,0,1,-1,414.142461684538,-116.406791522394
2116,36.0819926,140.0809975,,17.034155,2,2,0,0,1,-1,415.79780801331,-112.599664937069
2117,36.0820261,140.0810102,,12.568249,2,2,0,0,1,-1,416.940356837477,-108.870461995418
2118,36.0820348,140.0810126,,310.897457,2,2,0,0,1,-1,417.156271576123,-107.901982426063
2119,36.0820355,140.0810116,,310.897457,2,2,0,0,1,-1,417.0663071019,-107.824058782388
