label,latitude,longitude,altitude,heading_deg,right_is_open,left_is_open,line_is_stop,signal_is_stop,isnot_skipnum,node,utm_x,utm_y,,,,,,,,,,,,,,,,
1000,36.082041,140.0810589,0,5.513787,2,2,0,0,1,-1,421.3216267439,-107.211801582989,,,,,,,,,,,,,,,,
1001,36.082077,140.0810632,0,34.024109,2,2,0,0,1,-1,421.708473984081,-103.204299914266,,,,,,,,,,,,,,,,
1002,36.0820934,140.0810769,0,90.623218,2,2,0,0,1,-1,422.940987285028,-101.378660265278,,,,,,,,,,,,,,,,
1003,36.082093,140.0811224,0,100.814382,2,2,0,0,1,-1,427.034370872403,-101.423188061325,,,,,,,,,,,,,,,,
1004,36.0820863,140.0811658,0,90.932738,2,2,0,0,1,-1,430.938829061864,-102.169028649655,,,,,,,,,,,,,,,,
1005,36.0820857,140.0812114,0,96.283858,2,2,0,0,1,-1,435.041209098707,-102.235820344121,,,,,,,,,,,,,,,,
1006,36.0820819,140.0812541,0,95.158623,2,2,0,0,1,-1,438.882692157235,-102.658834409333,,,,,,,,,,,,,,,,
1007,36.0820785,140.0813007,0,102.426600,2,2,0,0,1,-1,443.075036665744,-103.037320677707,,,,,,,,,,,,,,,,
1008,36.0820707,140.0813445,0,85.827608,2,2,0,0,1,-1,447.015480647963,-103.90561270655,,,,,,,,,,,,,,,,
1009,36.0820733,140.0813886,0,93.379703,2,2,0,0,1,-1,450.982913970914,-103.616182030269,,,,,,,,,,,,,,,,
1010,36.0820712,140.0814326,0,94.236537,2,2,0,0,1,-1,454.941350846954,-103.849952960503,,,,,,,,,,,,,,,,
1011,36.0820685,140.0814777,0,92.827215,2,2,0,0,1,-1,458.998748644129,-104.150515585993,,,,,,,,,,,,,,,,
1012,36.0820667,140.0815228,0,96.004800,2,2,0,0,1,-1,463.056146441303,-104.35089066939,,,,,,,,,,,,,,,,
1013,36.0820629,140.0815675,0,98.691333,2,2,0,0,1,-1,467.077558450834,-104.773904734602,,,,,,,,,,,,,,,,
1014,36.0820576,140.0816104,0,93.861149,2,2,0,0,1,-1,470.937034403184,-105.363898035582,,,,,,,,,,,,,,,,
1015,36.0820552,140.0816544,0,90.315074,2,2,0,0,1,-1,474.895471279224,-105.631064813444,,,,,,,,,,,,,,,,
1016,36.082055,140.0816994,0,99.025998,2,2,0,0,1,-1,478.943872629488,-105.653328711863,,,,,,,,,,,,,,,,
1017,36.0820493,140.0817438,0,86.475020,2,2,0,0,1,-1,482.938295295729,-106.28784980889,,,,,,,,,,,,,,,,
1018,36.0820516,140.08179,0,93.256032,2,2,0,0,1,-1,487.094654014038,-106.031814980237,,,,,,,,,,,,,,,,
1019,36.0820496,140.0818335,0,85.389818,2,2,0,0,1,-1,491.008108652966,-106.254453962053,,,,,,,,,,,,,,,,
1020,36.0820525,140.081878,0,91.183873,2,2,0,0,1,-1,495.011527766119,-105.931627438934,,,,,,,,,,,,,,,,
1021,36.0820517,140.0819259,0,84.088989,2,2,0,0,1,-1,499.32082609214,-106.020683031028,,,,,,,,,,,,,,,,
1022,36.0820558,140.0819749,0,93.932429,2,2,0,0,1,-1,503.729085341853,-105.564273118979,,,,,,,,,,,,,,,,
1023,36.0820532,140.0820217,0,87.178347,2,2,0,0,1,-1,507.939422744184,-105.853703795259,,,,,,,,,,,,,,,,
1024,36.0820551,140.0820694,0,90.443998,2,2,0,0,1,-1,512.230728176383,-105.642196762653,,,,,,,,,,,,,,,,
1025,36.0820548,140.0821173,0,96.363399,2,2,0,0,1,-1,516.540026502405,-105.675592609491,,,,,,,,,,,,,,,,
1026,36.0820506,140.0821639,0,88.190495,2,2,0,0,1,-1,520.732371010914,-106.14313447154,,,,,,,,,,,,,,,,
1027,36.0820518,140.0822109,0,88.654120,2,2,0,0,1,-1,524.960701312181,-106.009551082609,,,,,,,,,,,,,,,,
1028,36.0820527,140.0822583,0,88.909421,2,2,0,0,1,-1,529.225017401091,-105.909363540516,,,,,,,,,,,,,,,,
1029,36.0820534,140.0823038,0,86.149562,2,2,0,0,1,-1,533.318400988466,-105.831439896841,,,,,,,,,,,,,,,,
1030,36.082056,140.0823516,0,93.693747,2,2,0,0,1,-1,537.61870286502,-105.54200922056,,,,,,,,,,,,,,,,
1031,36.0820536,140.0823976,0,87.326633,2,2,0,0,1,-1,541.757068692063,-105.809175998422,,,,,,,,,,,,,,,,
1032,36.0820554,140.0824453,0,86.859220,2,2,0,0,1,-1,546.048374121706,-105.608800915025,,,,,,,,,,,,,,,,
1033,36.0820574,140.0824904,0,95.641395,2,2,0,0,1,-1,550.105771918881,-105.386161934001,,,,,,,,,,,,,,,,
1034,36.0820536,140.082538,0,90.154779,2,2,0,0,1,-1,554.388080904169,-105.809175998422,,,,,,,,,,,,,,,,
1035,36.0820535,140.0825838,0,84.844495,2,2,0,0,1,-1,558.508453832277,-105.820307947631,,,,,,,,,,,,,,,,
1036,36.082057,140.0826318,0,85.421541,2,2,0,0,1,-1,562.826748607767,-105.430689730047,,,,,,,,,,,,,,,,
1037,36.0820601,140.0826797,0,93.408862,2,2,0,0,1,-1,567.136046933789,-105.08559930851,,,,,,,,,,,,,,,,
1038,36.0820579,140.0827254,0,41.772663,2,2,0,0,1,-1,571.247423414985,-105.330502188745,,,,,,,,,,,,,,,,
1039,36.0820788,140.0827485,0,7.183987,2,2,0,0,1,-1,573.32560277414,-103.00392483087,,,,,,,,,,,,,,,,
1040,36.0821115,140.0827536,0,8.000622,2,2,0,0,1,-1,573.784421594723,-99.3637774821031,,,,,,,,,,,,,,,,
1041,36.0821414,140.0827588,0,12.687689,2,2,0,0,1,-1,574.252236862216,-96.0353247072452,,,,,,,,,,,,,,,,
1042,36.0821694,140.0827666,0,357.703659,2,2,0,0,1,-1,574.953959762179,-92.9183789649934,,,,,,,,,,,,,,,,
1043,36.0821956,140.0827653,0,359.775220,2,2,0,0,1,-1,574.837005947223,-90.0018083061381,,,,,,,,,,,,,,,,
1044,36.0822368,140.0827651,0,4.990130,2,2,0,0,1,-1,574.819013050844,-85.4154452856447,,,,,,,,,,,,,,,,
1045,36.0822766,140.0827694,0,324.858607,2,2,0,0,1,-1,575.205860291026,-80.9849295517101,,,,,,,,,,,,,,,,
1046,36.0822952,140.0827532,0,258.182329,2,2,0,0,1,-1,573.748435804522,-78.9143870232789,,,,,,,,,,,,,,,,
1047,36.0822894,140.0827189,0,235.983649,2,2,0,0,1,-1,570.662654332536,-79.5600400695153,,,,,,,,,,,,,,,,
1048,36.0822864,140.0827134,0,155.476287,2,2,0,0,1,-1,570.167849721752,-79.8939985418429,,,,,,,,,,,,,,,,
1049,36.0822802,140.0827169,0,106.440719,2,2,0,0,1,-1,570.482725381533,-80.584179384917,,,,,,,,,,,,,,,,
1050,36.0822714,140.0827538,0,175.137512,2,2,0,0,1,-1,573.802414491101,-81.563790904272,,,,,,,,,,,,,,,,
1051,36.0822676,140.0827542,0,133.562162,2,2,0,0,1,-1,573.838400278745,-81.986804968693,,,,,,,,,,,,,,,,
1052,36.0822583,140.0827663,0,180.890406,2,2,0,0,1,-1,574.926970421446,-83.0220762333042,,,,,,,,,,,,,,,,
1053,36.0822531,140.0827662,0,182.468065,2,2,0,0,1,-1,574.917973971978,-83.600937585866,,,,,,,,,,,,,,,,
1054,36.0822456,140.0827658,0,204.942216,2,2,0,0,1,-1,574.881988184334,-84.4358337662896,,,,,,,,,,,,,,,,
1055,36.082235,140.0827597,0,174.603754,2,2,0,0,1,-1,574.333204889529,-85.6158203690412,,,,,,,,,,,,,,,,
1056,36.0822273,140.0827606,0,196.069658,2,2,0,0,1,-1,574.414172916841,-86.4729804478837,,,,,,,,,,,,,,,,
1057,36.0822172,140.082757,0,183.503573,2,2,0,0,1,-1,574.090300807592,-87.5973073053791,,,,,,,,,,,,,,,,
1058,36.082204,140.082756,0,188.693062,2,2,0,0,1,-1,574.000336333369,-89.0667245836207,,,,,,,,,,,,,,,,
1059,36.0821929,140.0827539,0,199.406369,2,2,0,0,1,-1,573.811410938012,-90.3023709316284,,,,,,,,,,,,,,,,
1060,36.082189,140.0827522,0,186.912009,2,2,0,0,1,-1,573.658471330299,-90.7365169452589,,,,,,,,,,,,,,,,
1061,36.082173,140.0827498,0,196.076232,2,2,0,0,1,-1,573.442556591652,-92.5176287982002,,,,,,,,,,,,,,,,
1062,36.0821601,140.0827452,0,183.512423,2,2,0,0,1,-1,573.028720010738,-93.9536502296045,,,,,,,,,,,,,,,,
1063,36.0821522,140.0827446,0,167.838033,2,2,0,0,1,-1,572.974741324158,-94.8330742068658,,,,,,,,,,,,,,,,
1064,36.0821447,140.0827466,0,161.362063,2,2,0,0,1,-1,573.154670275161,-95.6679703872893,,,,,,,,,,,,,,,,
1065,36.0820062,140.0828044,0,290.149192,2,2,0,0,1,-1,578.354616896502,-111.08571986278,,,,,,,,,,,,,,,,
1066,36.0820199,140.0827582,0,294.001551,2,2,0,0,1,-1,574.198258178194,-109.560642838492,,,,,,,,,,,,,,,,
1067,36.0820389,140.0827054,0,287.085810,2,2,0,0,1,-1,569.448133925411,-107.445572513223,,,,,,,,,,,,,,,,
1068,36.0820506,140.0826583,0,287.153805,2,2,0,0,1,-1,565.210807179791,-106.14313447154,,,,,,,,,,,,,,,,
1069,36.0820621,140.0826122,0,280.741897,2,2,0,0,1,-1,561.063444908393,-104.862960326695,,,,,,,,,,,,,,,,
1070,36.0820688,140.0825685,0,286.789988,2,2,0,0,1,-1,557.131997375642,-104.117119738365,,,,,,,,,,,,,,,,
1071,36.0820797,140.0825238,0,275.725069,2,2,0,0,1,-1,553.110585366112,-102.903737288776,,,,,,,,,,,,,,,,
1072,36.0820835,140.0824769,0,277.485835,2,2,0,0,1,-1,548.891251514313,-102.480723224355,,,,,,,,,,,,,,,,
1073,36.0820883,140.0824317,0,272.535997,2,2,0,0,1,-1,544.824857270228,-101.946389668631,,,,,,,,,,,,,,,,
1074,36.0820899,140.082387,0,276.058647,2,2,0,0,1,-1,540.803445260697,-101.768278482862,,,,,,,,,,,,,,,,
1075,36.0820937,140.0823427,0,274.153969,2,2,0,0,1,-1,536.818019043923,-101.34526441765,,,,,,,,,,,,,,,,
1076,36.0820964,140.0822967,0,278.893580,2,2,0,0,1,-1,532.679653219437,-101.044701792951,,,,,,,,,,,,,,,,
1077,36.0821018,140.082254,0,268.062837,2,2,0,0,1,-1,528.838170160909,-100.443576542761,,,,,,,,,,,,,,,,
1078,36.0821006,140.0822101,0,276.823387,2,2,0,0,1,-1,524.888729731779,-100.577159931692,,,,,,,,,,,,,,,,
1079,36.082105,140.0821646,0,275.887155,2,2,0,0,1,-1,520.795346144404,-100.087354172014,,,,,,,,,,,,,,,,
1080,36.082109,140.0821166,0,272.275273,2,2,0,0,1,-1,516.477051371472,-99.6420762091746,,,,,,,,,,,,,,,,
1081,36.0821104,140.082073,0,279.174823,2,2,0,0,1,-1,512.554600283075,-99.4862289218247,,,,,,,,,,,,,,,,
1082,36.0821163,140.0820278,0,275.437124,2,2,0,0,1,-1,508.48820603899,-98.8294439263789,,,,,,,,,,,,,,,,
1083,36.0821197,140.0819836,0,279.868409,2,2,0,0,1,-1,504.511776269127,-98.4509576572136,,,,,,,,,,,,,,,,
1084,36.0821259,140.0819395,0,277.828201,2,2,0,0,1,-1,500.544342946176,-97.7607768141395,,,,,,,,,,,,,,,,
1085,36.0821308,140.0818954,0,278.566351,2,2,0,0,1,-1,496.576909623224,-97.2153113092059,,,,,,,,,,,,,,,,
1086,36.0821364,140.0818494,0,257.588524,2,2,0,0,1,-1,492.438543796181,-96.5919221613883,,,,,,,,,,,,,,,,
1087,36.0821266,140.0817943,0,268.628107,2,2,0,0,1,-1,487.481501254219,-97.6828531712555,,,,,,,,,,,,,,,,
1088,36.0821257,140.0817478,0,251.295541,2,2,0,0,1,-1,483.298153192621,-97.7830407125583,,,,,,,,,,,,,,,,
1089,36.0821118,140.081697,0,254.804225,2,2,0,0,1,-1,478.727957890841,-99.3303816344748,,,,,,,,,,,,,,,,
1090,36.082101,140.0816478,0,265.853802,2,2,0,0,1,-1,474.301705747307,-100.532632134854,,,,,,,,,,,,,,,,
1091,36.0820981,140.0815983,0,262.006346,2,2,0,0,1,-1,469.84846426304,-100.855458658763,,,,,,,,,,,,,,,,
1092,36.0820928,140.0815516,0,261.684297,2,2,0,0,1,-1,465.647123305063,-101.445451959744,,,,,,,,,,,,,,,,
1093,36.082087,140.0815025,0,279.086409,2,2,0,0,1,-1,461.229867610996,-102.09110500598,,,,,,,,,,,,,,,,
1094,36.0820927,140.0814584,0,266.018572,2,2,0,0,1,-1,457.262434288045,-101.456583908953,,,,,,,,,,,,,,,,
1095,36.08209,140.0814104,0,263.279073,2,2,0,0,1,-1,452.944139512556,-101.757146533653,,,,,,,,,,,,,,,,
1096,36.0820854,140.0813621,0,271.230113,2,2,0,0,1,-1,448.59885539889,-102.269216191749,,,,,,,,,,,,,,,,
1097,36.0820862,140.081316,0,273.717955,2,2,0,0,1,-1,444.451493124936,-102.180160598865,,,,,,,,,,,,,,,,
1098,36.0820886,140.0812703,0,273.948657,2,2,0,0,1,-1,440.340116643739,-101.912993821002,,,,,,,,,,,,,,,,
1099,36.0820913,140.0812219,0,272.827573,2,2,0,0,1,-1,435.985836080606,-101.612431195512,,,,,,,,,,,,,,,,
1100,36.0820932,140.0811743,0,277.372939,2,2,0,0,1,-1,431.703527095317,-101.400924163697,,,,,,,,,,,,,,,,
1101,36.082098,140.0811284,0,268.421452,2,2,0,0,1,-1,427.574157717741,-100.866590607973,,,,,,,,,,,,,,,,
1102,36.082097,140.0810835,0,208.315019,2,2,0,0,1,-1,423.534752816945,-100.977910098485,,,,,,,,,,,,,,,,
1103,36.0820889,140.0810781,0,178.253184,2,2,0,0,1,-1,423.048944653073,-101.879597974165,,,,,,,,,,,,,,,,
1104,36.0820783,140.0810785,0,199.406396,2,2,1,0,1,1,423.084930443273,-103.059584576126,0,0,0,0,0,0,0,0,0,0,0,0,0,0,0,0
1105,36.0820705,140.0810751,0,190.283143,2,2,0,0,1,-1,422.779051230404,-103.927876604178,,,,,,,,,,,,,,,,
1106,36.0820607,140.0810729,0,177.498618,2,2,0,0,1,-1,422.581129385579,-105.018807614045,,,,,,,,,,,,,,,,
1107,36.0820533,140.0810733,0,186.955068,2,2,0,0,1,-1,422.61711517578,-105.84257184605,,,,,,,,,,,,,,,,
1108,36.0820427,140.0810717,0,178.487116,2,2,0,0,1,-1,422.473172017534,-107.022558448802,,,,,,,,,,,,,,,,
1109,36.0820274,140.0810722,0,191.422482,2,2,0,0,1,-1,422.518154254646,-108.725746657277,,,,,,,,,,,,,,,,
1110,36.0820014,140.0810657,0,163.475860,2,2,0,0,1,-1,421.933385169639,-111.620053418505,,,,,,,,,,,,,,,,
1111,36.0819935,140.0810686,0,214.082741,2,2,0,0,1,-1,422.194282145397,-112.499477395766,,,,,,,,,,,,,,,,
1112,36.0819892,140.081065,0,262.099594,2,2,0,0,1,-1,421.870410038706,-112.978151206234,,,,,,,,,,,,,,,,
1113,36.0819856,140.0810329,0,307.716477,2,2,0,0,1,-1,418.982550408987,-113.378901373027,,,,,,,,,,,,,,,,
1114,36.0819876,140.0810297,0,279.235057,2,2,0,0,1,-1,418.69466408994,-113.156262391212,,,,,,,,,,,,,,,,
1115,36.0819935,140.0809848,0,276.621872,2,2,0,0,1,-1,414.655259186587,-112.499477395766,,,,,,,,,,,,,,,,
1116,36.0819976,140.0809411,0,267.061523,2,2,0,0,1,-1,410.723811653836,-112.043067482926,,,,,,,,,,,,,,,,
1117,36.0819957,140.0808953,0,272.547377,2,2,0,0,1,-1,406.603438723171,-112.254574515532,,,,,,,,,,,,,,,,
1118,36.0819973,140.0808508,0,265.480856,2,2,0,0,1,-1,402.600019612576,-112.076463330554,,,,,,,,,,,,,,,,
1119,36.0819944,140.0808054,0,271.629350,2,2,0,0,1,-1,398.515632472112,-112.399289853672,,,,,,,,,,,,,,,,
1120,36.0819954,140.0807619,0,276.389258,2,2,0,0,1,-1,394.602177833183,-112.28797036316,,,,,,,,,,,,,,,,
1121,36.0819994,140.0807177,0,278.035632,2,2,0,0,1,-1,390.625748060764,-111.842692399529,,,,,,,,,,,,,,,,
1122,36.0820045,140.080673,0,263.181826,2,2,0,0,1,-1,386.60433605379,-111.274962996967,,,,,,,,,,,,,,,,
1123,36.0820002,140.0806285,0,275.177291,2,2,0,0,1,-1,382.600916940638,-111.753636807436,,,,,,,,,,,,,,,,
1124,36.0820034,140.0805848,0,275.899995,2,2,0,0,1,-1,378.669469407887,-111.397414436689,,,,,,,,,,,,,,,,
1125,36.0820072,140.0805393,0,269.536656,2,2,0,0,1,-1,374.576085820512,-110.974400371477,,,,,,,,,,,,,,,,
1126,36.0820069,140.0804934,0,275.139366,2,2,0,0,1,-1,370.446716442936,-111.007796219105,,,,,,,,,,,,,,,,
1127,36.0820102,140.080448,0,272.507978,2,2,0,0,1,-1,366.362329302472,-110.640441899149,,,,,,,,,,,,,,,,
1128,36.0820118,140.0804028,0,281.094863,2,2,0,0,1,-1,362.295935058387,-110.462330714172,,,,,,,,,,,,,,,,
1129,36.0820189,140.080358,0,275.169323,2,2,0,0,1,-1,358.265526601945,-109.671962329004,,,,,,,,,,,,,,,,
1130,36.082022,140.0803156,0,269.688389,2,2,0,0,1,-1,354.451032886707,-109.326871908258,,,,,,,,,,,,,,,,
1131,36.0820218,140.0802701,0,269.672555,2,2,0,0,1,-1,350.357649299332,-109.349135805886,,,,,,,,,,,,,,,,
1132,36.0820216,140.0802268,0,276.309706,2,2,0,0,1,-1,346.462187554225,-109.371399704304,,,,,,,,,,,,,,,,
1133,36.0820258,140.0801798,0,277.741502,2,2,0,0,1,-1,342.233857255515,-108.903857843046,,,,,,,,,,,,,,,,
1134,36.0820307,140.0801352,0,275.647155,2,2,0,0,1,-1,338.221441695452,-108.358392338112,,,,,,,,,,,,,,,,
1135,36.0820344,140.0800889,0,266.620648,2,2,0,0,1,-1,334.056086527676,-107.94651022211,,,,,,,,,,,,,,,,
1136,36.0820322,140.0800428,0,280.576390,2,2,0,0,1,-1,329.908724256278,-108.191413101553,,,,,,,,,,,,,,,,
1137,36.0820389,140.0799984,0,280.092708,2,2,0,0,1,-1,325.914301590037,-107.445572513223,,,,,,,,,,,,,,,,
1138,36.0820451,140.0799553,0,263.301129,2,2,0,0,1,-1,322.036832741309,-106.75539167094,,,,,,,,,,,,,,,,
1139,36.0820408,140.07991,0,278.301721,2,2,0,0,1,-1,317.961442047756,-107.234065480617,,,,,,,,,,,,,,,,
1140,36.0820458,140.0798676,0,252.811130,2,2,0,0,1,-1,314.146948332517,-106.677468027265,,,,,,,,,,,,,,,,
1141,36.082034,140.0798204,0,234.812895,2,2,0,0,1,-1,309.900625137429,-107.991038018156,,,,,,,,,,,,,,,,
1142,36.0820136,140.0797846,0,243.843641,2,2,0,0,1,-1,306.679896951551,-110.261955630775,,,,,,,,,,,,,,,,
1143,36.0819982,140.0797458,0,247.239738,2,2,0,0,1,-1,303.189275343005,-111.97627578846,,,,,,,,,,,,,,,,
1144,36.0819844,140.0797051,0,277.420883,2,2,0,0,1,-1,299.527721232923,-113.512484761958,,,,,,,,,,,,,,,,
1145,36.0819848,140.0797013,0,264.763145,2,2,1,0,1,1,299.185856229853,-113.46795696512,0,0,0,0,0,0,0,0,0,0,0,0,0,0,0,0
1146,36.0819814,140.0796554,0,275.909366,2,2,0,0,1,-1,295.056486854834,-113.846443234286,,,,,,,,,,,,,,,,
1147,36.0819836,140.0796291,0,285.418655,2,2,0,1,1,1,292.690421176632,-113.601540354051,0,0,0,0,0,0,0,0,0,0,0,0,0,0,0,0
1148,36.0819873,140.0796125,0,272.234316,2,2,0,0,1,-1,291.197010899927,-113.189658238049,,,,,,,,,,,,,,,,
1149,36.0819887,140.0795681,0,279.733933,2,2,0,0,1,-1,287.202588233686,-113.03381095149,,,,,,,,,,,,,,,,
1150,36.0819948,140.0795241,0,282.692752,2,2,0,0,1,-1,283.244151357646,-112.354762057625,,,,,,,,,,,,,,,,
1151,36.0820029,140.0794796,0,357.646833,2,2,0,0,1,-1,279.240732244494,-111.453074181945,,,,,,,,,,,,,,,,
1152,36.0820383,140.0794778,0,15.077075,2,2,1,0,1,1,279.078796192426,-107.512364207688,0,0,0,0,0,0,0,0,0,0,0,0,0,0,0,0
1153,36.0820392,140.0794781,0,341.831136,2,2,0,0,1,-1,279.105785533159,-107.412176666385,,,,,,,,,,,,,,,,
1154,36.0820754,140.0794634,0,354.231448,2,2,0,1,1,1,277.78330775799,-103.382411099244,0,0,0,0,0,0,0,0,0,0,0,0,0,0,0,0
1155,36.0820762,140.0794633,0,6.222908,2,2,0,0,1,-1,277.774311311079,-103.293355507151,,,,,,,,,,,,,,,,
1156,36.082114,140.0794684,0,0.782570,2,2,0,0,1,-1,278.233130131662,-99.0854787550316,,,,,,,,,,,,,,,,
1157,36.0821495,140.079469,0,1.087974,2,2,0,0,1,-1,278.287108815684,-95.1336368315651,,,,,,,,,,,,,,,,
1158,36.0821878,140.0794699,0,6.167994,2,2,0,0,1,-1,278.368076842996,-90.8701003341899,,,,,,,,,,,,,,,,
1159,36.0822222,140.0794745,0,9.790303,2,2,0,0,1,-1,278.781913426468,-87.0407098512361,,,,,,,,,,,,,,,,
1160,36.0822592,140.0794824,0,355.144036,2,2,0,0,1,-1,279.492632773341,-82.9218886920014,,,,,,,,,,,,,,,,
1161,36.0822963,140.0794785,0,3.774515,2,2,0,0,1,-1,279.14177132336,-78.7919355835572,,,,,,,,,,,,,,,,
1162,36.0823306,140.0794813,0,10.828906,2,2,0,0,1,-1,279.393671852207,-74.9736770490219,,,,,,,,,,,,,,,,
1163,36.0823644,140.0794893,0,9.797557,2,2,0,0,1,-1,280.113387648548,-71.2110782605336,,,,,,,,,,,,,,,,
1164,36.0823995,140.0794968,0,6.965044,2,2,0,0,1,-1,280.788121205221,-67.3037641331139,,,,,,,,,,,,,,,,
1165,36.0824339,140.079502,0,11.422416,2,2,0,0,1,-1,281.255936472715,-63.47437365016,,,,,,,,,,,,,,,,
1166,36.0824671,140.0795103,0,7.057015,2,2,0,0,1,-1,282.002641609788,-59.7785665561373,,,,,,,,,,,,,,,,
1167,36.0825017,140.0795156,0,0.366523,2,2,0,0,1,-1,282.47945332675,-55.9269121739737,,,,,,,,,,,,,,,,
1168,36.0825396,140.0795159,0,5.033839,2,2,0,0,1,-1,282.506442667483,-51.7079034734361,,,,,,,,,,,,,,,,
1169,36.0825763,140.0795199,0,1.836857,2,2,0,0,1,-1,282.866300564375,-47.6224781610387,,,,,,,,,,,,,,,,
1170,36.0826141,140.0795214,0,4.993227,2,2,0,0,1,-1,283.001247278266,-43.4146014089196,,,,,,,,,,,,,,,,
1171,36.0826511,140.0795254,0,0.964588,2,2,0,0,1,-1,283.361105175159,-39.2957802496848,,,,,,,,,,,,,,,,
1172,36.0826895,140.0795262,0,7.506417,2,2,0,0,1,-1,283.43307675556,-35.0211118031002,,,,,,,,,,,,,,,,
1173,36.0827263,140.0795322,0,10.126284,2,2,0,0,1,-1,283.972863600898,-30.9245545422843,,,,,,,,,,,,,,,,
1174,36.0827625,140.0795402,0,4.704483,2,2,0,0,1,-1,284.692579397239,-26.8947889751429,,,,,,,,,,,,,,,,
1175,36.0828008,140.0795441,0,3.576231,2,2,0,0,1,-1,285.04344084722,-22.6312524777677,,,,,,,,,,,,,,,,
1176,36.0828383,140.079547,0,6.300235,2,2,0,0,1,-1,285.304337822978,-18.4567715732769,,,,,,,,,,,,,,,,
1177,36.0828749,140.079552,0,4.308380,2,2,0,0,1,-1,285.75416019665,-14.3824782100888,,,,,,,,,,,,,,,,
1178,36.0829103,140.0795553,0,1.622095,2,2,0,0,1,-1,286.051042960052,-10.4417682358318,,,,,,,,,,,,,,,,
1179,36.0829474,140.0795566,0,0.622347,2,2,0,0,1,-1,286.167996777565,-6.31181512738768,,,,,,,,,,,,,,,,
1180,36.0829846,140.0795571,0,346.874968,2,2,0,0,1,-1,286.212979014676,-2.17073007052508,,,,,,,,,,,,,,,,
1181,36.0830203,140.0795468,0,321.154175,2,2,0,0,1,-1,285.286344929156,1.80337575136017,,,,,,,,,,,,,,,,
1182,36.0830489,140.0795183,0,287.542646,2,2,0,0,1,-1,282.72235740613,4.98711318807755,,,,,,,,,,,,,,,,
1183,36.0830594,140.0794772,0,286.138517,2,2,0,0,1,-1,279.024817505847,6.15596784082877,,,,,,,,,,,,,,,,
1184,36.0830699,140.0794323,0,317.368035,2,2,0,0,1,-1,274.985412605051,7.32482249437095,,,,,,,,,,,,,,,,
1185,36.0830965,140.079402,0,275.017481,2,2,0,0,1,-1,272.2594890274,10.2859209492729,,,,,,,,,,,,,,,,
1186,36.0830997,140.0793569,0,281.834125,2,2,0,0,1,-1,268.202091230226,10.6421433200194,,,,,,,,,,,,,,,,
1187,36.0831071,140.0793132,0,275.988878,2,2,0,0,1,-1,264.270643697475,11.4659075520245,,,,,,,,,,,,,,,,
1188,36.083111,140.0792672,0,268.040512,2,2,0,0,1,-1,260.132277872989,11.900053565655,,,,,,,,,,,,,,,,
1189,36.0831098,140.0792238,0,274.685660,2,2,0,0,1,-1,256.22781968097,11.7664701767239,,,,,,,,,,,,,,,,
1190,36.0831129,140.079177,0,272.132480,2,2,0,0,1,-1,252.017482276083,12.111560598261,,,,,,,,,,,,,,,,
1191,36.0831142,140.0791338,0,281.551461,2,2,0,0,1,-1,248.131016980443,12.2562759364014,,,,,,,,,,,,,,,,
1192,36.0831216,140.079089,0,273.667551,2,2,0,0,1,-1,244.100608524002,13.0800401684066,,,,,,,,,,,,,,,,
1193,36.0831239,140.0790446,0,274.893847,2,2,0,0,1,-1,240.106185860317,13.3360749970593,,,,,,,,,,,,,,,,
1194,36.083127,140.0789998,0,261.265231,2,2,0,0,1,-1,236.075777403876,13.6811654185963,,,,,,,,,,,,,,,,
1195,36.0831214,140.0789547,0,270.624625,2,2,0,0,1,-1,232.018379606701,13.0577762699877,,,,,,,,,,,,,,,,
1196,36.0831218,140.0789093,0,284.397227,2,2,0,0,1,-1,227.933992466237,13.1023040668254,,,,,,,,,,,,,,,,
1197,36.0831307,140.0788664,0,281.286607,2,2,0,0,1,-1,224.074516511331,14.0930475345989,,,,,,,,,,,,,,,,
1198,36.0831377,140.078823,0,272.372416,2,2,0,0,1,-1,220.170058321869,14.8722839705573,,,,,,,,,,,,,,,,
1199,36.0831392,140.0787782,0,272.223676,2,2,0,0,1,-1,216.139649865428,15.0392632063256,,,,,,,,,,,,,,,,
1200,36.0831407,140.0787304,0,286.521988,2,2,0,0,1,-1,211.839347986317,15.2062424428849,,,,,,,,,,,,,,,,
1201,36.0831512,140.0786866,0,288.261167,2,2,0,0,1,-1,207.898904006655,16.3750970956362,,,,,,,,,,,,,,,,
1202,36.0831624,140.0786446,0,293.973824,2,2,0,0,1,-1,204.120396079061,17.6218753928533,,,,,,,,,,,,,,,,
1203,36.0831647,140.0786382,0,245.827015,2,2,0,0,1,-1,203.544623443522,17.877910221506,,,,,,,,,,,,,,,,
1204,36.0831536,140.0786076,0,282.727816,2,2,1,0,1,1,200.791710525138,16.6422638734983,0,0,0,0,0,0,0,0,0,0,0,0,0,0,0,0
1205,36.0831559,140.078595,0,274.298000,2,2,0,0,1,-1,199.658158147883,16.8982987029419,,,,,,,,,,,,,,,,
1206,36.0831587,140.0785489,0,273.709208,2,2,0,0,1,-1,195.510795873928,17.2099932768507,,,,,,,,,,,,,,,,
1207,36.083161,140.078505,0,275.314059,2,2,0,0,1,-1,191.561355447356,17.4660281055034,,,,,,,,,,,,,,,,
1208,36.0831643,140.0784611,0,276.562433,2,2,0,0,1,-1,187.611915018226,17.8333824254593,,,,,,,,,,,,,,,,
1209,36.0831684,140.078417,0,278.300410,2,2,0,0,1,-1,183.644481695274,18.2897923375086,,,,,,,,,,,,,,,,
1210,36.0831738,140.0783712,0,272.924383,2,2,0,0,1,-1,179.52410876461,18.8909175876983,,,,,,,,,,,,,,,,
1211,36.0831756,140.0783276,0,269.220981,2,2,0,0,1,-1,175.60165767877,19.0912926710949,,,,,,,,,,,,,,,,
1212,36.0831751,140.0782821,0,272.042722,2,2,0,0,1,-1,171.508274091395,19.0356329258388,,,,,,,,,,,,,,,,
1213,36.0831764,140.078237,0,272.366812,2,2,0,0,1,-1,167.45087629422,19.1803482639792,,,,,,,,,,,,,,,,
1214,36.083178,140.0781891,0,275.679857,2,2,0,0,1,-1,163.141577968199,19.358459448957,,,,,,,,,,,,,,,,
1215,36.0831814,140.0781468,0,283.697394,2,2,0,0,1,-1,159.336080697314,19.7369457181223,,,,,,,,,,,,,,,,
1216,36.0831905,140.0781006,0,276.907256,2,2,0,0,1,-1,155.179721979006,20.7499530843146,,,,,,,,,,,,,,,,
1217,36.0831947,140.0780577,0,270.936886,2,2,0,0,1,-1,151.320246024099,21.2174949455732,,,,,,,,,,,,,,,,
1218,36.0831953,140.0780123,0,282.679154,2,2,0,0,1,-1,147.235858883635,21.2842866400388,,,,,,,,,,,,,,,,
1219,36.0832033,140.0779683,0,274.298003,2,2,0,0,1,-1,143.277422007595,22.1748425665094,,,,,,,,,,,,,,,,
1220,36.0832061,140.0779222,0,272.224341,2,2,0,0,1,-1,139.130059736197,22.4865371404182,,,,,,,,,,,,,,,,
1221,36.0832075,140.0778776,0,276.864142,2,2,0,0,1,-1,135.117644176134,22.6423844277681,,,,,,,,,,,,,,,,
1222,36.0832118,140.0778334,0,261.999602,2,2,0,0,1,-1,131.141214406272,23.1210582382362,,,,,,,,,,,,,,,,
1223,36.0832067,140.0777885,0,260.655095,2,2,0,0,1,-1,127.101809502919,22.5533288348838,,,,,,,,,,,,,,,,
1224,36.0832015,140.0777494,0,274.314776,2,2,1,0,1,1,123.584198551083,21.9744674831129,0,0,0,0,0,0,0,0,0,0,0,0,0,0,0,0
1225,36.083202,140.0777412,0,270.832071,2,2,0,0,1,-1,122.84648986092,22.030127228369,,,,,,,,,,,,,,,,
1226,36.0832025,140.0776986,0,264.876299,2,2,0,0,1,-1,119.014003249303,22.0857869736251,,,,,,,,,,,,,,,,
1227,36.083199,140.0776503,0,258.424444,2,2,0,0,1,-1,114.668719133081,21.6961687560413,,,,,,,,,,,,,,,,
1228,36.0831917,140.0776062,0,269.845891,2,2,0,0,1,-1,110.701285810129,20.8835364732456,,,,,,,,,,,,,,,,
1229,36.0831916,140.0775602,0,263.858735,2,2,0,0,1,-1,106.562919985643,20.8724045240362,,,,,,,,,,,,,,,,
1230,36.0831894,140.0775349,0,195.409075,2,2,0,0,1,-1,104.286818781664,20.627501643802,,,,,,,,,,,,,,,,
1231,36.0831548,140.0775231,0,170.532262,2,2,0,0,1,-1,103.22523798481,16.7758472624293,,,,,,,,,,,,,,,,
1232,36.0831485,140.0775244,0,201.878235,2,2,0,0,1,-1,103.342191799765,16.0745344709368,,,,,,,,,,,,,,,,
1233,36.0831165,140.0775085,0,192.233754,2,2,0,0,1,-1,101.911756656551,12.5123107650541,,,,,,,,,,,,,,,,
1234,36.0831042,140.0775052,0,176.956526,2,2,0,0,1,-1,101.614873890592,11.1430810289063,,,,,,,,,,,,,,,,
1235,36.0830966,140.0775057,0,199.695025,2,2,0,0,1,-1,101.659856127704,10.2970528984823,,,,,,,,,,,,,,,,
1236,36.0830747,140.077496,0,173.689254,2,2,0,0,1,-1,100.787200726206,7.85915605009516,,,,,,,,,,,,,,,,
1237,36.0830652,140.0774973,0,189.824925,2,2,0,0,1,-1,100.904154543719,6.80162088785616,,,,,,,,,,,,,,,,
1238,36.0830526,140.0774946,0,168.975434,2,2,0,0,1,-1,100.661250461783,5.39899530328915,,,,,,,,,,,,,,,,
1239,36.0830414,140.0774973,0,190.876868,2,2,0,0,1,-1,100.904154543719,4.15221700686299,,,,,,,,,,,,,,,,
1240,36.0830271,140.0774939,0,175.379600,2,2,0,0,1,-1,100.598275330849,2.56034828810882,,,,,,,,,,,,,,,,
1241,36.0830231,140.0774943,0,193.386635,2,2,0,0,1,-1,100.634261118493,2.11507032526897,,,,,,,,,,,,,,,,
1242,36.0830068,140.0774895,0,169.185597,2,2,0,0,1,-1,100.2024316412,0.300562625490353,,,,,,,,,,,,,,,,
1243,36.0829958,140.0774921,0,189.181480,2,2,0,0,1,-1,100.436339276225,-0.923951773307945,,,,,,,,,,,,,,,,
1244,36.0829848,140.0774899,0,169.871133,2,2,0,0,1,-1,100.2384174314,-2.14846617210624,,,,,,,,,,,,,,,,
1245,36.0829753,140.077492,0,189.322444,2,2,0,0,1,-1,100.427342829314,-3.20600133434524,,,,,,,,,,,,,,,,
1246,36.0829561,140.0774881,0,175.379597,2,2,0,0,1,-1,100.076481376776,-5.34333555803304,,,,,,,,,,,,,,,,
1247,36.0829541,140.0774883,0,188.102174,2,2,0,0,1,-1,100.094474273155,-5.56597453984845,,,,,,,,,,,,,,,,
1248,36.0829172,140.0774818,0,192.214521,2,2,0,0,1,-1,99.5097051881484,-9.67366374987378,,,,,,,,,,,,,,,,
1249,36.0829004,140.0774773,0,175.491815,2,2,0,0,1,-1,99.1048650541448,-11.5438311949085,,,,,,,,,,,,,,,,
1250,36.0828922,140.0774781,0,185.828797,2,2,0,0,1,-1,99.176836634546,-12.456651019798,,,,,,,,,,,,,,,,
1251,36.0828827,140.0774769,0,172.521222,2,2,0,0,1,-1,99.0688792639442,-13.514186182037,,,,,,,,,,,,,,,,
1252,36.082863,140.0774801,0,193.775707,2,2,0,0,1,-1,99.356765582992,-15.7071801509809,,,,,,,,,,,,,,,,
1253,36.0828452,140.0774747,0,173.916870,2,2,0,0,1,-1,98.8709574191194,-17.6886670865278,,,,,,,,,,,,,,,,
1254,36.0828361,140.0774759,0,193.248987,2,2,0,0,1,-1,98.9789147897212,-18.7016744527201,,,,,,,,,,,,,,,,
1255,36.0828234,140.0774722,0,169.498877,2,2,0,0,1,-1,98.6460462335618,-20.1154319864966,,,,,,,,,,,,,,,,
1256,36.0828125,140.0774747,0,187.946706,2,2,0,0,1,-1,98.8709574191194,-21.3288144360855,,,,,,,,,,,,,,,,
1257,36.0828015,140.0774728,0,172.025767,2,2,0,0,1,-1,98.7000249175842,-22.5533288348838,,,,,,,,,,,,,,,,
1258,36.0827865,140.0774754,0,189.800445,2,2,0,0,1,-1,98.9339325526096,-24.2231211965219,,,,,,,,,,,,,,,,
1259,36.0827734,140.0774726,0,179.158160,2,2,0,0,1,-1,98.6820320237624,-25.6814065255541,,,,,,,,,,,,,,,,
1260,36.0827679,140.0774727,0,196.043579,2,2,0,0,1,-1,98.6910284706733,-26.2936637249532,,,,,,,,,,,,,,,,
1261,36.0827516,140.0774669,0,174.290572,2,2,0,0,1,-1,98.1692345191571,-28.1081714247318,,,,,,,,,,,,,,,,
1262,36.0827419,140.0774681,0,190.710711,2,2,0,0,1,-1,98.2771918897589,-29.1879704861806,,,,,,,,,,,,,,,,
1263,36.0827231,140.0774637,0,176.593482,2,2,0,0,1,-1,97.8813482001092,-31.2807769130308,,,,,,,,,,,,,,,,
1264,36.0826878,140.0774663,0,175.755318,2,2,0,0,1,-1,98.1152558351346,-35.2103549380783,,,,,,,,,,,,,,,,
1265,36.082678,140.0774672,0,193.895866,2,2,0,0,1,-1,98.1962238624467,-36.3012859471546,,,,,,,,,,,,,,,,
1266,36.0826633,140.0774627,0,174.158974,2,2,0,0,1,-1,97.7913837258862,-37.9376824619555,,,,,,,,,,,,,,,,
1267,36.0826475,140.0774647,0,186.306664,2,2,0,0,1,-1,97.9713126768892,-39.696530416478,,,,,,,,,,,,,,,,
1268,36.0826358,140.0774631,0,168.577605,2,2,0,0,1,-1,97.8273695160868,-40.9989684589512,,,,,,,,,,,,,,,,
1269,36.0826354,140.0774632,0,168.577609,2,2,0,0,1,-1,97.8363659629977,-41.0434962549979,,,,,,,,,,,,,,,,
1270,36.082635,140.0774633,0,168.577609,2,2,1,0,1,1,97.8453624124656,-41.0880240518356,0,0,0,0,0,0,0,0,0,0,0,0,0,0,0,0
